n_components,cumulative_variance
1,0.5547921155435535
2,0.7805481232544038
3,0.8895159655658577
4,0.9494692785684882
5,0.9745687104896261
6,0.98250170266774
7,0.9900635311184413
8,0.9929677093291764
9,0.9954730300784277
10,0.9976150873980142
11,0.9986250682372406
12,0.9992176140313028
13,0.9995606488065426
14,0.9997663724170709
15,0.999857791080806
16,0.9999075026157319
17,0.9999487196973642
18,0.9999727926888863
19,0.9999863977392637
20,0.9999914104302671
21,0.9999959064688542
22,0.999998464999698
23,0.9999999110888715
24,0.9999999999999997
25,0.9999999999999998
26,0.9999999999999998
27,0.9999999999999998
