TSNE1,TSNE2,cut,color
-5.232462,21.477499,Fair,J
-19.296621,55.436794,Very Good,E
7.7716036,8.3426485,Ideal,G
18.75956,13.510302,Premium,E
-26.854391,0.3362922,Ideal,I
33.643394,19.66506,Ideal,H
-5.9,64.99157,Premium,D
13.690678,-8.831671,Very Good,I
27.17377,-6.4002304,Good,E
-16.670233,0.4429076,Premium,H
-1.8616079,3.6080954,Premium,E
-28.17119,-41.132557,Premium,F
2.7459788,-13.7984085,Very Good,G
23.086555,26.565702,Very Good,G
-33.372665,-40.02416,Premium,E
-37.174603,-7.93074,Ideal,J
5.692735,-8.817877,Very Good,G
-33.659164,-0.18014356,Ideal,J
-1.553896,-18.359097,Good,F
13.965144,-64.87223,Ideal,G
-23.771633,2.200601,Premium,J
16.476503,-38.74579,Premium,J
-23.721962,7.4599338,Premium,F
-11.034302,52.63749,Ideal,H
26.062775,-0.08851125,Very Good,F
-19.474833,54.664917,Very Good,D
28.93282,0.019962901,Premium,G
-13.040146,50.135044,Very Good,I
-30.363165,-18.782454,Ideal,H
12.283822,-10.1273155,Ideal,I
-25.96044,-6.1564894,Premium,H
-7.881219,-11.310302,Ideal,D
28.494215,6.5606036,Ideal,H
42.139194,1.5811605,Premium,D
13.951449,27.847588,Good,F
12.075296,26.35889,Good,D
-19.445503,9.620664,Good,G
21.311419,-45.16666,Premium,E
-11.940738,56.644787,Ideal,F
-12.923812,-21.284937,Very Good,F
-4.5069385,-57.19512,Ideal,E
16.741789,-48.842934,Ideal,D
34.091568,24.810553,Premium,J
17.827436,-43.491867,Premium,G
-25.380957,-29.230333,Very Good,F
-28.3364,54.044754,Premium,G
-10.51883,55.069187,Premium,G
7.2211905,23.521887,Very Good,D
17.93013,24.616043,Good,F
1.276171,-3.1546514,Ideal,E
-4.689996,-60.319378,Ideal,F
5.535637,11.649604,Ideal,H
31.259308,-6.446453,Ideal,G
26.907007,-42.537186,Very Good,G
16.273514,28.458942,Very Good,G
-33.05438,-41.3384,Very Good,F
40.93432,-13.409574,Ideal,F
-35.479965,-11.45422,Premium,I
14.043279,-60.903435,Ideal,F
-12.719433,5.2600284,Good,J
-23.882376,42.528217,Ideal,I
-20.49643,54.246815,Very Good,D
-32.43335,-8.547092,Good,I
15.89573,-64.21283,Ideal,G
-31.477158,5.033935,Premium,H
-10.89726,-55.30664,Good,I
-32.352455,-19.657778,Good,F
28.230698,14.492449,Premium,G
-30.83845,-10.449955,Premium,G
-36.343792,-16.121931,Very Good,I
-22.668093,56.348465,Premium,E
12.424296,-65.67737,Ideal,F
-20.886822,56.23044,Premium,F
-20.68235,3.6962528,Very Good,H
-0.9741032,5.4558,Premium,F
-31.119022,39.551865,Very Good,F
-31.511942,4.9648404,Ideal,H
-5.990415,-63.8403,Ideal,H
16.90856,-43.335445,Very Good,F
27.624874,-39.429672,Premium,F
-2.7080424,62.66131,Very Good,G
-5.58674,11.0914135,Very Good,E
7.788573,-6.8171167,Premium,E
10.098101,-5.568497,Very Good,F
-31.532778,-1.9581814,Premium,J
-4.004894,-3.4287765,Ideal,D
1.593553,4.223574,Ideal,F
-29.081959,55.038017,Premium,D
-3.7811337,-66.639175,Very Good,F
17.863844,-49.853928,Ideal,E
-33.222927,39.553074,Good,E
-9.940402,-54.501938,Ideal,I
-3.8464992,-14.961575,Ideal,E
-33.723442,-1.8357568,Ideal,J
33.15378,-0.9630196,Premium,F
30.623926,20.248749,Ideal,H
31.266726,-42.480545,Very Good,D
-9.256229,-10.819142,Very Good,D
-39.411255,28.97253,Ideal,I
6.7970095,-58.429295,Very Good,H
26.366259,-2.7128356,Very Good,E
-10.939641,60.23273,Good,J
17.193935,-47.252987,Ideal,E
15.533149,-44.01075,Very Good,F
12.801784,30.020788,Good,E
24.735569,-1.8993143,Premium,E
31.035263,2.8876164,Ideal,G
32.143875,-42.73069,Very Good,E
28.774284,-5.763372,Premium,E
-33.514225,-29.49933,Premium,E
-4.192555,-14.784734,Premium,E
-30.876768,-21.03159,Very Good,G
-37.383068,-6.4142475,Ideal,J
20.840034,-41.296616,Very Good,H
29.637512,25.824783,Ideal,I
-20.232454,49.292564,Premium,E
-1.5296429,-2.9217305,Ideal,D
32.163097,-49.83496,Very Good,F
43.183502,-14.356111,Very Good,H
1.5085461,14.318945,Ideal,I
8.602697,8.022296,Ideal,G
19.5824,-52.26591,Very Good,F
-37.970417,-15.7603445,Premium,H
-6.0903754,17.602673,Very Good,I
42.380035,-15.52817,Ideal,G
2.580615,-12.1322365,Ideal,H
-6.7858047,46.723568,Fair,D
3.4033034,-0.8363109,Ideal,E
19.881512,10.301708,Ideal,D
-18.120089,-24.30261,Premium,G
15.768063,-45.79228,Ideal,F
-5.1976094,1.353301,Ideal,D
31.42659,16.24332,Ideal,E
19.89631,-13.580488,Good,E
27.032145,10.14519,Ideal,E
-12.194654,44.825806,Good,H
20.29608,0.41648877,Good,E
-30.93321,-40.437935,Ideal,D
11.764542,27.967115,Very Good,D
-10.466221,63.666737,Premium,E
13.197894,2.3598197,Ideal,D
21.276236,-13.1817,Very Good,E
26.7429,9.857972,Ideal,E
-27.68525,4.1468196,Very Good,H
-1.6366415,-4.4158826,Ideal,F
-14.863917,63.146805,Premium,E
-21.849274,44.323727,Premium,H
41.47204,15.702832,Ideal,D
-8.729298,46.20212,Good,F
-9.110162,-61.515675,Ideal,H
-36.961037,2.550628,Premium,I
42.8428,-18.549755,Fair,J
-6.6717916,63.863945,Premium,D
40.42572,13.261202,Ideal,D
9.343487,7.1421375,Ideal,F
-24.461653,40.625656,Good,H
-0.18466751,15.745666,Premium,I
-5.152542,18.972967,Good,I
0.3106899,0.97220397,Ideal,F
1.1816193,-13.044391,Premium,H
40.5439,3.3780859,Ideal,D
29.470581,-39.016514,Very Good,G
-5.7556744,-59.095474,Ideal,G
-7.389584,63.372665,Premium,E
-21.21394,7.078973,Good,I
-16.319862,3.431363,Very Good,H
-16.330536,-3.2866566,Premium,H
-21.352772,5.629685,Very Good,I
-11.117471,-0.646542,Ideal,F
9.895854,-15.492174,Good,E
33.127686,14.295593,Ideal,F
13.073313,-62.609623,Ideal,F
-18.774563,-22.277962,Premium,F
31.249937,-45.032,Very Good,E
-22.345243,-25.340126,Premium,F
-16.63626,52.50807,Premium,F
-16.485077,-3.2843616,Premium,H
12.933766,21.81897,Very Good,F
-30.588837,-13.63011,Good,H
7.6596065,-13.441738,Good,H
-3.010288,10.009214,Very Good,E
-36.83007,33.6247,Ideal,H
-14.423029,-20.748116,Ideal,G
-8.66554,50.189083,Very Good,F
-15.324137,-1.6122675,Premium,G
-0.33216733,60.4655,Fair,D
-27.01977,5.3663034,Good,J
-8.372917,65.79702,Premium,E
35.93318,11.300937,Ideal,D
10.29873,22.271822,Premium,E
-3.8822105,-65.15609,Premium,G
40.75221,17.67152,Ideal,F
-21.635763,57.53761,Premium,E
27.56549,-52.676266,Ideal,I
19.276724,-8.061687,Premium,G
-15.683768,45.8986,Premium,E
13.742853,-61.547863,Ideal,G
-38.043613,-12.244301,Very Good,F
24.970886,-45.09258,Premium,E
-24.323137,42.216515,Premium,I
-36.652763,-13.92904,Premium,H
5.115529,-12.552363,Premium,I
10.658794,-66.258385,Very Good,F
-8.583381,-53.570198,Ideal,G
32.243332,-46.526825,Very Good,F
-13.25477,-23.409004,Good,G
45.691925,17.465422,Very Good,E
22.834894,-11.03378,Good,E
-18.484531,45.488197,Ideal,I
41.8589,10.316294,Ideal,F
44.795673,6.719321,Ideal,D
-0.57554686,8.214057,Very Good,H
-6.9689193,-61.906277,Ideal,G
-8.404316,50.358356,Very Good,G
-25.086975,43.9314,Ideal,I
-23.183907,-27.927073,Ideal,E
-35.563305,34.37199,Ideal,I
10.448237,14.794975,Very Good,G
-24.673018,-2.880401,Premium,I
33.743874,-49.242294,Very Good,G
-39.13973,5.1515155,Fair,J
28.451767,26.012796,Ideal,J
20.16744,11.649122,Premium,D
-22.364586,-25.75788,Ideal,F
-5.028695,-59.311604,Ideal,F
42.287056,-16.93568,Ideal,F
-0.8945091,-18.482464,Good,E
28.636534,24.809322,Ideal,H
9.558825,24.254847,Very Good,F
6.105348,-58.331078,Ideal,H
38.20729,14.425544,Ideal,E
-33.496075,-29.077057,Very Good,E
-21.316193,45.27618,Ideal,H
-37.046574,-4.881984,Premium,J
-29.139755,9.59704,Very Good,E
-32.082367,-2.1488705,Very Good,J
-8.348367,-13.070988,Ideal,F
-19.522024,1.210527,Very Good,H
-24.09574,8.100056,Very Good,E
-27.637224,-12.356238,Ideal,I
-30.46392,-29.693062,Ideal,D
17.062912,8.725813,Ideal,G
12.744736,22.51715,Very Good,G
-10.722733,55.177914,Ideal,F
-5.807525,-59.821434,Ideal,G
34.443825,-49.81123,Fair,G
29.420881,-0.57756895,Premium,H
20.732433,-3.8486311,Premium,G
39.142693,-9.757224,Very Good,E
15.614657,-61.4488,Ideal,H
-24.550932,4.655118,Good,G
33.407795,8.347535,Ideal,G
16.884834,-40.250614,Ideal,I
-19.213543,50.130417,Ideal,E
14.567747,29.038822,Good,F
21.534761,2.0990705,Premium,E
-27.086536,57.38187,Good,G
28.286549,-2.0018752,Premium,G
-8.793051,-2.5064766,Very Good,E
10.794575,11.08454,Premium,F
37.39296,8.80619,Very Good,E
18.912312,-47.532562,Ideal,F
-2.1579568,-18.847805,Good,G
2.9302578,9.468512,Ideal,G
-31.940403,40.08311,Premium,D
15.847593,-39.920425,Good,I
-27.28079,-39.079174,Ideal,G
-20.6927,55.653496,Premium,E
-28.402514,54.96277,Premium,F
8.597056,23.183014,Very Good,D
-32.47337,3.6487503,Premium,J
27.199291,-46.90133,Ideal,E
-14.121332,61.13774,Premium,F
16.19364,-16.70715,Fair,F
-17.121122,-21.802616,Ideal,E
26.094448,-0.18456826,Very Good,F
29.980188,-4.7944384,Very Good,G
41.69512,-20.012064,Very Good,H
30.059502,-48.30184,Ideal,G
-29.891922,-16.660849,Very Good,H
17.375668,7.7095613,Ideal,F
-2.3212326,15.805047,Very Good,H
13.404709,27.10563,Very Good,F
-29.524313,-39.61325,Ideal,F
-25.047388,43.300407,Premium,J
23.022831,9.903016,Premium,D
28.836088,-5.717391,Very Good,E
-29.666174,51.527603,Very Good,H
16.236992,26.449656,Good,H
-28.5252,54.061066,Ideal,G
-14.9406,53.16661,Good,E
-22.84991,42.264008,Ideal,I
-37.525585,29.258455,Fair,I
40.73491,12.177935,Ideal,D
-28.522013,-12.557745,Very Good,H
17.33071,6.43778,Ideal,E
1.4817209,10.748579,Ideal,H
38.84726,10.041073,Very Good,E
-31.212957,7.0222383,Ideal,F
-24.937044,60.029022,Good,F
3.8447466,16.485533,Ideal,J
0.036636226,-11.379233,Ideal,H
-17.817345,9.245214,Good,F
-20.60292,-22.875511,Good,E
14.317738,-66.03354,Ideal,H
13.926541,12.722884,Premium,D
17.911335,-46.289944,Ideal,E
-19.50412,-20.274118,Very Good,F
-29.95632,52.617126,Premium,E
-33.641117,36.999702,Premium,G
36.619755,-15.828627,Very Good,G
41.800156,5.106761,Ideal,D
38.190075,-1.1330593,Ideal,E
-38.070282,-8.163637,Very Good,I
-33.975933,2.911794,Good,J
12.259685,-8.190626,Premium,H
19.064968,-3.1837947,Premium,G
3.0262835,-8.635056,Very Good,H
-3.248422,12.610496,Very Good,G
-15.111639,-15.379864,Very Good,H
11.62656,27.876738,Very Good,D
9.379595,15.439524,Good,G
17.177141,25.088602,Good,F
39.31973,13.80266,Ideal,D
35.167137,5.8755527,Ideal,F
-18.873158,5.937729,Very Good,H
17.064402,3.5653915,Premium,D
24.604376,11.387487,Premium,E
-5.7838287,-59.935238,Ideal,G
-39.329792,28.730701,Good,J
19.562336,-15.104956,Fair,G
18.05559,23.252296,Good,F
-10.371271,-0.44956303,Ideal,E
-32.56868,-30.288975,Very Good,E
-29.979961,-16.573803,Premium,H
-32.725304,-38.60295,Ideal,G
-25.47811,44.698795,Very Good,I
14.736788,23.87618,Very Good,H
-14.499068,52.226395,Premium,D
-2.6033366,-62.57024,Ideal,E
12.467516,-62.937687,Ideal,E
34.020916,14.036604,Ideal,F
-15.975276,56.949596,Premium,E
25.840649,-46.654846,Very Good,D
-2.5746465,-62.48395,Ideal,E
28.062714,-40.07605,Premium,E
-11.457378,-20.23235,Premium,G
29.047644,-38.975918,Premium,E
-28.431368,-39.455807,Premium,F
33.050175,14.374516,Ideal,G
-10.722434,63.63498,Ideal,E
19.064487,17.356339,Premium,H
-3.3462095,-64.05204,Premium,F
-21.054272,57.367645,Very Good,D
23.79666,11.963096,Ideal,D
35.173584,5.2693806,Ideal,G
-26.029797,6.056197,Good,I
-8.161768,-60.878227,Ideal,G
-0.3926238,6.2458744,Premium,H
27.096743,27.458193,Ideal,I
36.424625,3.1598861,Premium,F
14.042019,5.080811,Ideal,D
-10.99075,55.034863,Ideal,F
3.406292,-7.919796,Very Good,G
3.4421194,3.2407453,Ideal,F
-7.6904216,-59.558975,Ideal,F
-13.135565,-59.520912,Very Good,E
-33.985977,-32.590908,Good,D
-21.698885,54.761257,Very Good,D
34.99806,5.5079994,Ideal,G
19.445606,16.613941,Premium,G
45.07456,9.508449,Ideal,E
39.446507,5.7432017,Ideal,E
32.669483,-1.3203546,Premium,H
20.983238,-40.23525,Premium,G
-26.856693,-6.0336504,Premium,I
-25.709259,-26.11009,Premium,F
-9.663691,-49.393734,Good,I
23.17303,-10.509757,Very Good,E
45.87794,7.0869584,Ideal,D
-6.9343524,6.3683233,Very Good,D
-33.43232,-27.28999,Premium,G
13.142261,9.948336,Ideal,E
-7.898353,8.045918,Very Good,E
35.74596,8.971884,Ideal,D
-14.574143,-15.443869,Very Good,G
28.374695,23.97324,Ideal,H
-4.4848537,-61.860703,Premium,H
-38.394016,30.94099,Premium,G
-29.104137,-22.772038,Very Good,D
32.63053,15.65705,Ideal,F
-38.987396,-4.3017907,Very Good,J
-17.255453,-9.716138,Very Good,H
2.220202,-13.344048,Premium,H
-8.496665,-55.684464,Ideal,G
43.77292,-13.724279,Very Good,G
-17.60174,54.243156,Very Good,G
-23.769821,55.399834,Good,F
0.45380414,-59.102177,Ideal,F
41.53942,-18.400496,Premium,D
28.501993,0.23633637,Premium,F
-24.091564,1.5188446,Premium,I
34.15553,24.758207,Premium,J
-3.3097649,59.871452,Very Good,E
27.567347,-43.80213,Ideal,F
-37.711174,-7.9048758,Premium,H
19.050879,4.487602,Ideal,D
-23.62973,55.465816,Very Good,F
-37.920967,35.85602,Very Good,D
33.499344,2.0895605,Ideal,F
1.6609125,-0.6948317,Ideal,F
26.432554,26.05741,Ideal,H
43.59767,13.257455,Premium,D
-24.010756,-22.843956,Ideal,D
18.767994,-44.895367,Ideal,F
11.875069,29.605356,Very Good,D
-29.448639,-12.625836,Very Good,H
-4.0637436,64.85519,Ideal,E
31.012665,23.239136,Ideal,I
-2.8552911,11.357088,Very Good,F
-9.58448,64.75873,Premium,E
25.500872,-8.998964,Very Good,G
-27.726624,41.083797,Ideal,I
28.805752,-45.071117,Ideal,E
42.704494,14.326892,Ideal,D
-17.444746,-14.424886,Very Good,G
-6.542485,8.956208,Very Good,E
-3.6249976,61.192802,Very Good,F
-9.336965,-11.407685,Premium,D
-3.2202156,-58.004192,Very Good,D
10.043404,-66.89064,Ideal,F
-10.152235,57.451805,Ideal,H
3.6344147,0.9056482,Ideal,G
6.344014,-8.733242,Premium,F
26.245846,-11.800998,Premium,H
9.192911,12.286739,Premium,G
40.75038,15.638563,Ideal,D
21.11724,-42.858383,Premium,G
-38.432644,-3.8304312,Good,I
-9.739979,66.89194,Good,E
7.238046,-58.63721,Very Good,G
-8.164348,-59.592068,Ideal,G
35.682007,16.467226,Ideal,G
-24.20141,43.96822,Ideal,J
-15.037244,-19.955624,Ideal,G
41.48939,13.751195,Ideal,E
29.854698,28.140656,Very Good,I
-23.88914,42.950344,Premium,I
-3.8537228,-15.57564,Very Good,D
-31.816864,5.071352,Ideal,G
-32.230965,-19.250803,Very Good,F
-9.991414,-20.142378,Premium,F
41.373936,-14.212576,Ideal,I
-17.059208,-21.088537,Ideal,E
-37.36502,-2.040976,Ideal,J
29.426432,-5.1092815,Very Good,F
26.543846,-4.7297716,Very Good,E
-33.686657,36.721733,Premium,D
-4.4145384,-67.08161,Very Good,I
-12.990359,62.44306,Premium,F
-25.799578,40.321304,Good,F
13.183871,-9.160926,Ideal,I
5.834941,14.855956,Ideal,I
-21.038195,51.349285,Very Good,D
-11.810142,46.768368,Very Good,F
-8.544215,-11.288897,Premium,D
33.109837,-3.3528259,Good,I
1.7045971,11.583972,Ideal,H
23.468416,18.89629,Premium,G
-16.739733,-9.755701,Very Good,H
18.094334,-44.05245,Premium,F
32.005024,-45.863426,Very Good,F
20.52129,8.124623,Ideal,D
38.174976,-11.380864,Ideal,H
-27.172527,55.421402,Good,H
28.959795,12.276893,Ideal,F
-8.9064045,-56.423145,Premium,G
-23.84949,56.15149,Very Good,D
-31.55704,2.645183,Ideal,J
-9.311937,46.556114,Very Good,G
-3.9819744,11.452618,Premium,F
18.987713,13.583561,Premium,D
44.816288,6.5149145,Ideal,E
-26.880463,-24.003601,Very Good,D
24.854834,-2.9514513,Premium,D
13.449533,-8.880407,Premium,I
-34.116432,-10.793799,Premium,H
15.539912,-65.89126,Ideal,I
11.599154,27.104776,Very Good,D
-18.099266,-13.924277,Good,G
-14.88807,-22.825424,Very Good,E
-3.2721586,-67.14766,Very Good,E
-26.864935,54.211678,Premium,H
-6.8193297,-20.666676,Very Good,F
17.179958,24.828909,Very Good,F
32.22485,4.9102654,Ideal,G
37.265644,0.123109065,Ideal,D
0.5770382,7.979884,Very Good,F
-37.65339,31.649046,Premium,J
10.791525,15.531932,Very Good,G
42.004627,13.482411,Ideal,E
27.435127,25.202074,Ideal,I
20.368414,11.193331,Premium,E
-4.73335,-60.38879,Ideal,G
37.609154,-1.551785,Ideal,E
-26.30209,54.11101,Premium,I
20.559412,-51.359993,Ideal,G
-25.67151,-9.0691595,Ideal,I
15.922619,-66.83135,Ideal,I
-31.064701,39.309048,Good,E
-29.500294,-14.07261,Premium,H
-28.086483,-24.820496,Premium,F
18.857203,5.414146,Ideal,E
-34.46254,-29.48377,Good,E
29.771439,10.638197,Ideal,G
13.8559475,-61.73549,Ideal,G
15.619437,26.224613,Good,G
-5.701615,-60.531734,Ideal,F
14.902735,-60.899193,Ideal,G
26.8522,-52.420475,Ideal,I
-24.867083,53.481144,Premium,I
19.298916,-44.280304,Premium,G
44.8586,-13.839103,Very Good,H
15.637378,19.238102,Premium,G
43.602146,-20.383524,Premium,J
7.880239,6.5598774,Ideal,F
-32.580044,39.05163,Very Good,E
-25.514051,53.28458,Premium,H
-2.8386786,-63.330555,Premium,E
-17.505531,-18.167982,Very Good,G
-3.2168725,63.126293,Premium,G
-23.533045,-24.478611,Premium,D
-19.037655,-6.017257,Ideal,H
-16.437307,-20.41961,Ideal,G
26.408592,-43.034916,Very Good,G
30.864347,23.84445,Ideal,I
28.617088,17.738272,Ideal,F
43.89823,6.9453273,Ideal,E
7.8470535,8.140565,Ideal,G
31.74444,4.5338573,Ideal,F
-12.2028,65.653305,Premium,H
-17.585373,8.441741,Good,F
15.5613365,28.518078,Very Good,G
29.515368,-41.54559,Very Good,E
-4.771424,1.764159,Ideal,E
44.053104,13.257917,Very Good,D
-19.984564,-17.736916,Good,G
14.409994,-16.94984,Very Good,D
43.267296,5.038024,Ideal,E
-38.08789,4.655057,Fair,H
46.328785,8.580781,Ideal,D
-6.706171,60.045635,Ideal,H
-10.163113,15.946357,Good,G
-17.5629,49.963543,Ideal,E
-6.974329,43.50788,Fair,J
17.433308,-46.204876,Very Good,D
11.092698,-65.83456,Premium,G
20.967411,-0.49250728,Very Good,E
-37.86727,-3.1863985,Very Good,J
-6.771185,-13.721539,Ideal,E
-26.678902,43.538982,Premium,H
4.4022474,-58.249992,Ideal,G
44.972286,9.0096035,Ideal,D
-1.9310161,61.91861,Good,G
-4.1199956,-65.99047,Premium,G
-38.142605,-9.954338,Good,I
24.947529,0.4296689,Very Good,E
-34.35974,-1.6134247,Ideal,J
-20.62936,-4.793309,Ideal,H
17.51618,5.4300413,Ideal,D
20.82892,-39.587692,Very Good,H
-8.163523,49.715153,Good,G
-29.710299,0.8009896,Premium,J
40.802643,14.258093,Premium,D
-3.3713527,11.916589,Very Good,G
-34.809418,35.61811,Premium,G
-6.131393,17.853289,Good,I
45.911594,-21.27573,Premium,J
-31.703241,-26.309137,Very Good,G
-20.252125,49.99686,Premium,D
-33.063236,-37.09455,Ideal,E
-7.1987777,-55.893738,Ideal,F
8.98757,23.522224,Very Good,E
-13.25422,-59.538437,Very Good,E
-21.87275,47.67432,Ideal,G
13.209946,-65.29058,Ideal,G
20.048231,-47.425686,Ideal,G
22.619167,17.085648,Premium,F
43.638035,9.582396,Ideal,E
-17.889185,-1.4192777,Very Good,H
9.414782,7.147346,Ideal,F
19.463202,20.883284,Very Good,E
-35.703945,34.378838,Ideal,I
12.555171,-68.05987,Ideal,H
6.603255,-12.366416,Very Good,F
-1.0608838,2.662027,Ideal,E
13.524014,3.3918085,Ideal,D
-28.115805,1.1664237,Ideal,J
-27.409763,40.30765,Premium,H
18.730408,-39.09387,Very Good,I
-29.59297,-40.37677,Ideal,E
41.463757,1.4077388,Premium,E
-6.6370225,16.15538,Very Good,I
5.4086895,-4.933802,Premium,F
-21.452658,1.6781447,Premium,H
-18.836447,-17.259863,Very Good,E
-3.9174016,61.890003,Very Good,F
-19.530506,-3.2833457,Ideal,F
7.7599683,-15.07587,Very Good,I
-11.315045,57.206703,Ideal,F
-9.5372505,-59.377335,Ideal,H
-28.375214,-1.1406332,Ideal,H
-0.21798052,-1.4186332,Ideal,E
34.82281,22.453144,Ideal,J
13.3088255,-63.24813,Ideal,F
-10.666203,56.582188,Ideal,G
-2.7712474,15.729215,Good,G
-35.57237,33.918278,Ideal,G
-5.7791686,8.316102,Premium,E
-18.467749,-3.320513,Ideal,H
-24.395678,-11.230816,Ideal,H
5.26627,-12.865531,Good,I
20.964577,0.059794437,Good,D
-5.4284434,-39.401184,Ideal,J
-9.664311,-49.30385,Very Good,J
-32.83525,-29.583073,Ideal,E
-35.504578,32.175472,Very Good,I
12.772986,29.644096,Very Good,D
-18.795013,-3.959189,Ideal,H
-37.14983,34.48053,Ideal,I
13.492265,4.492818,Ideal,D
21.03965,-39.633442,Premium,H
-30.794447,-24.991844,Premium,E
-35.907116,35.228542,Ideal,I
-20.443684,55.063965,Premium,E
26.81598,24.562973,Ideal,H
40.175713,-13.029004,Very Good,H
26.828207,-47.853447,Ideal,E
-29.816206,1.0757525,Very Good,J
31.373215,3.8232439,Ideal,F
-13.561535,-0.66523576,Premium,F
-20.360016,9.800813,Good,G
-10.571985,44.35512,Very Good,H
13.364835,30.737381,Fair,E
13.810733,11.229692,Very Good,D
0.99769264,-7.1928053,Premium,I
-5.249305,0.99223024,Premium,D
-31.860365,-22.913935,Good,E
5.350783,-8.120731,Very Good,G
-8.551262,-64.22108,Premium,I
-39.395416,3.8011084,Ideal,H
-4.1610465,63.25338,Premium,F
-36.841293,-13.195917,Premium,F
14.378796,6.44991,Premium,D
-39.28976,3.6964786,Premium,I
-3.504403,11.390878,Premium,F
-19.328876,-16.771856,Good,E
16.091932,-66.78758,Ideal,J
-17.79331,49.06949,Ideal,F
13.38053,8.311763,Ideal,F
46.411495,8.771236,Ideal,D
19.856655,17.099829,Premium,G
-3.2215886,-55.337887,Ideal,D
16.616987,-0.73729223,Ideal,F
43.354782,8.880418,Ideal,D
-37.044052,-4.7722187,Very Good,J
25.697239,-4.1361585,Very Good,E
-18.914833,-6.264883,Premium,H
13.93127,-6.557941,Premium,H
8.417407,-4.7093616,Premium,D
30.117435,0.35929486,Premium,F
16.98503,28.41001,Very Good,H
-1.9229633,7.1550903,Very Good,G
-13.221088,4.7757015,Very Good,I
-17.760872,-23.850723,Premium,G
-34.14684,2.8927557,Good,J
31.819147,25.652285,Ideal,I
-10.515307,-55.46179,Good,F
-28.609406,-37.989967,Very Good,F
15.873311,2.5386627,Ideal,E
0.5815359,-16.022694,Very Good,H
-15.026086,53.39231,Good,E
29.013865,1.9650412,Very Good,G
-24.988455,58.630226,Very Good,F
-38.957943,4.8640146,Fair,H
-37.77887,4.1843605,Fair,D
13.67895,-65.53574,Ideal,G
-7.166133,-21.326569,Premium,E
10.766018,8.70427,Ideal,F
42.257793,9.866686,Ideal,F
41.728584,6.476529,Ideal,E
-3.8919842,-3.633399,Ideal,E
22.245178,-5.051383,Very Good,F
-37.944656,-5.1518936,Ideal,I
28.892849,20.993523,Ideal,H
-35.472267,3.2448742,Good,E
11.2602625,3.052567,Premium,D
-31.156609,6.0686965,Ideal,F
-7.0975795,-60.612522,Ideal,F
-26.05577,39.53496,Good,H
-28.802092,-39.09272,Ideal,F
-6.6320705,0.14871632,Premium,E
-3.7981997,5.8702374,Premium,F
20.135717,18.532532,Premium,F
13.305421,2.29657,Ideal,D
34.550064,21.689577,Ideal,I
31.824898,25.51722,Ideal,J
32.91885,-47.613865,Good,G
-12.243598,-59.031452,Good,H
4.5466437,-4.9332013,Very Good,G
-6.536817,-60.086575,Ideal,F
-28.248783,-6.4651027,Ideal,H
-31.420195,-10.041576,Premium,H
-26.197767,-40.01194,Ideal,G
-4.704315,-56.946465,Ideal,E
19.113625,-4.925427,Premium,G
-18.398684,51.21215,Premium,F
28.30661,-48.509018,Ideal,D
0.8136868,14.405556,Very Good,I
-8.284995,15.9424515,Good,F
30.576633,18.750334,Ideal,H
-6.6141286,0.14166708,Ideal,E
13.4827585,11.575813,Premium,D
-28.095097,-11.342451,Ideal,I
13.618587,29.509747,Very Good,E
29.447573,-41.709984,Very Good,F
-17.224142,54.24896,Very Good,F
-12.127153,47.13688,Very Good,F
14.334315,-64.215546,Ideal,G
-7.0801926,64.74688,Premium,E
-15.922586,10.465328,Good,F
-4.3224397,-54.699,Ideal,E
26.43787,-48.239796,Ideal,F
-2.1881502,2.9247506,Ideal,E
-36.399204,-12.421302,Ideal,I
15.756441,-45.371807,Very Good,E
2.672997,15.932701,Ideal,H
-15.089498,-17.977184,Ideal,G
-4.4917445,-67.34481,Very Good,J
12.449001,-65.9912,Ideal,G
31.93358,8.334491,Ideal,H
16.073523,-62.390564,Very Good,G
44.92781,16.96725,Very Good,E
44.596394,-13.383268,Very Good,G
29.828724,-46.82994,Ideal,E
-18.004324,-12.798346,Very Good,F
-31.718542,35.36493,Ideal,D
23.514494,-6.430309,Premium,F
14.2431,25.731956,Good,G
20.37723,-46.317154,Premium,F
34.524765,-48.40789,Good,F
13.927433,4.591394,Ideal,D
-24.152174,56.922634,Very Good,E
-21.175955,-19.149883,Good,G
-7.6536283,-12.354513,Ideal,E
8.165222,26.945608,Good,D
-7.617583,-38.831642,Very Good,I
33.5366,0.762414,Ideal,F
39.944088,3.0616984,Ideal,E
27.400673,-37.940796,Very Good,E
-7.072997,-20.750723,Very Good,F
-24.540495,-23.869946,Very Good,G
-24.482094,-25.286839,Ideal,F
45.092346,6.592885,Ideal,E
-31.704088,-1.4911358,Premium,J
9.996166,-8.610048,Premium,F
3.5747344,15.204051,Ideal,J
-31.855825,-27.09396,Premium,F
25.081968,-9.909715,Very Good,G
-10.101303,60.845882,Premium,I
20.998169,23.98242,Very Good,G
23.579445,12.924451,Ideal,E
20.699465,-46.90218,Ideal,G
46.71258,-21.478958,Fair,G
-6.3080206,4.0227942,Premium,D
0.8643498,-4.6705537,Ideal,G
-30.33135,-2.4769616,Premium,I
-17.5431,-3.4860713,Premium,H
-18.571018,-5.5817513,Premium,G
-19.627375,-19.822319,Very Good,F
39.30095,2.3077574,Ideal,D
22.566069,-4.393112,Very Good,G
-3.4932897,58.647953,Very Good,E
16.286484,-8.594872,Premium,I
-2.0673392,-65.75294,Good,G
38.38179,14.352668,Ideal,D
-11.453034,-59.54439,Premium,H
-18.138489,-24.614735,Ideal,G
27.356892,-9.780009,Premium,I
41.27721,14.884135,Ideal,D
-4.7562137,-19.889946,Fair,G
34.429012,8.02149,Ideal,F
38.631268,-11.554565,Ideal,G
43.983173,-12.19122,Good,F
-28.68179,-1.2893087,Premium,J
-3.5127196,58.037083,Very Good,E
-5.712637,54.994358,Premium,E
-20.897232,55.86335,Premium,E
4.05469,-58.482666,Ideal,H
-22.480516,51.255535,Ideal,F
-6.839044,4.692089,Premium,D
-14.115364,1.7245208,Very Good,F
-13.966863,2.8225157,Good,H
-27.037893,-39.61314,Ideal,G
20.014217,21.11812,Very Good,D
-0.70425266,11.020332,Ideal,F
14.587839,25.9715,Good,G
-26.446598,57.495564,Good,G
10.540778,14.693731,Premium,H
-14.602024,-20.368034,Ideal,G
-12.928891,0.7547822,Very Good,E
21.524557,-7.865362,Premium,H
-1.6666642,60.008682,Good,D
31.125084,12.813802,Ideal,G
-17.525915,-4.7492933,Very Good,H
2.6316397,11.656358,Ideal,I
-2.6362302,7.697613,Premium,G
-31.651749,-24.626106,Premium,G
-9.237269,-54.14146,Ideal,H
-27.348248,-27.754324,Ideal,I
2.9714758,27.184824,Fair,G
11.160327,-7.9810576,Ideal,F
-2.0200236,-63.73372,Premium,D
39.563843,-12.943742,Ideal,G
1.4665763,3.2811272,Ideal,G
-39.38133,3.8287013,Very Good,H
-11.992859,59.66816,Ideal,I
-29.287186,41.118435,Ideal,G
6.628941,-15.287757,Good,H
-8.160115,65.44022,Very Good,D
-1.3695489,-59.615364,Ideal,G
-3.52156,-67.74604,Good,H
5.7208357,27.110428,Fair,E
-32.07542,-6.7020335,Good,I
-8.810396,-2.580996,Very Good,E
14.937722,-16.90407,Good,D
-18.14951,5.2390294,Very Good,H
-12.761848,42.782833,Good,G
-8.886707,53.409515,Premium,F
-5.892368,-2.118031,Ideal,D
-12.400824,52.744347,Ideal,H
-12.598425,-0.51726884,Premium,F
-10.406912,59.55239,Very Good,J
14.516253,15.57596,Premium,F
0.67623514,18.515194,Very Good,J
-8.077631,-19.514904,Very Good,G
-29.184296,9.601503,Very Good,D
2.410418,-11.997648,Ideal,I
-38.031708,31.080599,Ideal,I
28.148556,-49.239075,Ideal,F
8.973996,6.675434,Ideal,F
14.396478,-8.356749,Very Good,J
-21.46466,-4.402258,Ideal,H
19.562107,7.6500597,Ideal,E
-4.9265556,62.75674,Ideal,G
-39.141037,31.251553,Premium,I
-38.092407,-9.781166,Good,H
23.902496,-4.245122,Premium,F
37.7421,10.670708,Ideal,D
-4.3377423,1.3603758,Ideal,E
-9.504528,-21.571077,Premium,D
-22.667864,57.200512,Premium,G
-13.126261,-60.777275,Good,E
-37.91864,31.822529,Ideal,H
-34.139084,-39.01183,Ideal,G
32.872604,1.7834216,Ideal,G
-31.87935,2.1640198,Ideal,J
12.976484,21.305758,Very Good,G
-14.68875,48.53689,Premium,D
-37.88264,-11.94525,Very Good,H
-1.2407223,15.836891,Very Good,H
18.795174,26.30705,Very Good,G
14.963148,-9.5989275,Very Good,I
-22.199482,1.4797837,Premium,I
31.81647,20.339243,Ideal,H
-12.94081,45.486813,Good,F
25.743122,1.3433698,Very Good,E
17.766176,25.075531,Good,F
-27.099287,1.2253065,Ideal,I
29.433798,-46.614025,Ideal,D
-1.0361563,-1.4693942,Ideal,E
-26.293436,-10.636377,Premium,H
4.735687,13.599904,Ideal,H
30.026312,6.055138,Ideal,G
9.734394,5.6938624,Ideal,E
38.034645,-12.914728,Ideal,H
-9.3742895,65.56572,Premium,F
-25.250288,-26.290134,Premium,G
1.6518458,5.450193,Premium,F
26.483082,-51.504036,Ideal,H
13.294333,13.723124,Good,E
-13.132807,-20.813437,Premium,G
28.89224,0.9518248,Premium,F
-2.2003162,61.008408,Good,G
-18.152708,10.704003,Fair,E
38.033943,-12.917832,Ideal,H
38.384094,-14.157694,Ideal,E
-30.014452,50.693657,Premium,I
29.73956,19.800903,Ideal,G
-3.2852345,13.679681,Very Good,H
-39.444298,-7.5847692,Good,I
-1.7509879,-11.010912,Premium,E
-34.320915,-37.447205,Very Good,D
-5.1606097,-55.542274,Ideal,F
31.428204,-47.819683,Ideal,F
17.838182,-43.144688,Very Good,G
36.720177,-15.864484,Good,H
15.445705,-43.709908,Very Good,H
-12.393924,53.35191,Ideal,G
-27.599947,-6.6740236,Ideal,I
-16.518612,49.869953,Ideal,E
-37.004997,-15.789344,Good,I
22.14867,-8.345329,Very Good,I
-14.342889,2.020641,Very Good,G
7.2274637,24.251352,Very Good,E
31.879251,21.32464,Ideal,H
-12.843864,46.132816,Very Good,F
14.378012,-68.46183,Premium,I
-11.128355,60.198906,Very Good,I
1.7848839,21.431358,Fair,G
12.096832,23.798923,Very Good,F
14.448911,6.382501,Premium,D
41.31855,-15.411951,Ideal,J
-7.992766,47.994946,Fair,F
-20.314543,-7.046577,Ideal,H
14.096144,-64.31845,Ideal,G
35.832973,6.834613,Ideal,F
-7.7617493,58.069744,Ideal,F
14.88259,-15.242237,Good,D
27.97658,-4.2772613,Premium,F
-32.481094,-43.227787,Premium,G
-5.196194,64.8432,Premium,E
-6.3454523,65.94614,Ideal,F
12.618761,21.905052,Very Good,F
0.09856746,-2.1941311,Premium,D
-4.2267513,-3.8379838,Ideal,D
-5.9985375,-56.170547,Ideal,G
-22.170414,1.8291994,Premium,I
43.792183,-20.520084,Ideal,I
-18.230335,43.575615,Ideal,I
38.102295,4.4750237,Ideal,F
-16.744839,7.02354,Good,F
40.2286,1.2526288,Premium,E
19.503498,-49.51713,Ideal,F
-4.917712,5.67918,Premium,E
-8.844924,-19.042164,Premium,G
-28.573622,55.42367,Premium,D
13.826212,-15.903706,Good,E
17.156307,3.1977005,Premium,D
-18.79372,47.620045,Premium,G
11.727143,-64.09019,Very Good,E
-16.387135,-9.708768,Premium,F
-30.720232,-9.855748,Premium,I
23.320633,26.592165,Very Good,G
26.438438,-39.5208,Very Good,G
-24.777794,-2.3643,Ideal,I
7.1853943,25.816635,Fair,D
20.457718,24.054794,Very Good,G
-9.752143,45.616158,Good,H
-18.298628,-21.045383,Premium,E
7.5493827,-58.846497,Ideal,G
29.71428,4.22942,Ideal,H
-20.497324,-3.7744284,Ideal,G
-10.544947,65.3355,Ideal,G
29.672869,-43.087402,Premium,E
-25.103216,-39.358437,Very Good,G
-32.46652,36.05365,Ideal,F
-19.691525,50.708202,Premium,E
29.702301,13.055417,Ideal,F
-3.5547826,-4.453241,Ideal,E
-16.037155,5.6258616,Very Good,G
30.787527,-42.102386,Very Good,D
-4.3153496,-65.6119,Ideal,G
-15.042751,9.08523,Very Good,F
-1.3646426,-1.6719087,Ideal,E
-7.9535313,14.622481,Good,G
-27.218254,57.703922,Fair,G
-0.21498288,-14.217278,Premium,H
35.412796,21.062366,Ideal,H
-17.749525,1.160624,Premium,G
-31.653362,-4.2098646,Good,G
-27.900515,2.6811821,Very Good,I
27.227392,-53.728893,Ideal,J
10.760461,-8.1625805,Ideal,G
-14.679358,10.270057,Very Good,E
-12.089873,-59.695927,Very Good,G
19.810314,30.121561,Very Good,J
18.885773,-14.522183,Fair,I
-24.355698,-40.51279,Premium,H
-12.416607,-59.70405,Very Good,F
-6.042053,-63.750923,Premium,G
-2.5415761,45.62788,Fair,F
-24.679413,-9.189784,Premium,H
26.364286,-4.4770617,Very Good,E
33.06086,2.2405534,Ideal,G
4.793912,-6.72019,Premium,F
-21.849678,46.8442,Ideal,G
-19.534353,8.860807,Good,F
34.82948,20.747406,Ideal,H
-12.3171425,47.58529,Very Good,F
-13.457272,56.028194,Ideal,E
-10.673144,6.76491,Very Good,H
-6.206355,4.27753,Premium,E
-13.729654,-19.069105,Ideal,H
45.485428,13.488583,Premium,E
-27.030825,-41.346043,Premium,G
21.749247,6.3127155,Ideal,D
-8.132336,45.26319,Good,H
-27.602818,45.405437,Very Good,J
-29.333755,-13.01923,Very Good,H
3.102075,1.4393257,Ideal,F
-13.303624,42.3279,Good,E
40.635063,-17.44827,Ideal,E
-10.365496,15.938279,Good,F
-7.8768163,61.767757,Ideal,F
-5.761241,-19.864655,Very Good,F
23.127844,-50.97226,Ideal,F
-39.591236,30.583183,Very Good,J
-32.40117,-29.468191,Ideal,F
-34.782444,-10.21942,Very Good,I
-18.838387,57.41989,Very Good,F
27.52823,-10.803828,Premium,H
17.717615,9.693948,Ideal,G
-2.2717094,59.632195,Very Good,E
-26.597961,-37.345276,Ideal,H
-21.596792,47.647522,Ideal,G
28.391457,-38.52431,Very Good,E
-1.9432366,-11.515209,Premium,G
5.6443963,-14.172997,Premium,H
44.7774,6.033323,Ideal,E
23.534618,-47.491817,Ideal,D
27.74975,11.284841,Ideal,F
-31.221367,-27.663496,Premium,F
35.958897,9.966706,Ideal,D
35.77725,11.133472,Ideal,D
-25.805607,-39.252785,Ideal,G
16.838783,-40.119373,Ideal,I
24.487928,-47.12799,Ideal,F
-6.401407,-19.23636,Very Good,D
-16.293987,9.560715,Good,F
0.53034663,4.1381116,Ideal,G
21.359493,19.160122,Premium,G
-20.049297,-19.26372,Very Good,F
35.343224,21.015589,Ideal,H
-37.890667,32.452568,Ideal,H
-19.310053,-21.40225,Premium,F
-24.996885,57.944965,Premium,G
24.625854,-52.253666,Ideal,H
9.2756605,-10.766608,Premium,G
2.4313045,1.1550468,Ideal,G
-34.06522,-32.45249,Ideal,D
-12.942677,-2.7090147,Ideal,F
-8.914933,3.8940196,Good,D
23.749102,26.776814,Very Good,F
-7.7555604,-60.544407,Ideal,F
-7.090771,60.44687,Ideal,I
-31.920826,-44.794106,Premium,G
36.4912,11.763218,Ideal,E
-16.045645,-21.235727,Ideal,E
-12.01374,56.608017,Ideal,F
12.757187,-53.1963,Very Good,D
-0.10309214,11.322498,Ideal,G
3.5086837,3.9774282,Ideal,F
-15.217823,-19.18833,Ideal,G
-26.001486,-24.197609,Premium,D
25.924194,18.952509,Very Good,G
-5.5292206,64.0358,Premium,D
-0.5878386,5.2399397,Premium,F
-19.496342,-14.153887,Very Good,E
21.390905,1.8791662,Premium,D
-12.96647,10.098451,Premium,F
-11.442839,49.318047,Very Good,E
-33.166367,36.498913,Premium,G
-3.8657372,8.427816,Premium,F
-25.07725,-10.821631,Premium,H
8.59056,8.0368805,Ideal,G
-32.896164,-0.9679186,Premium,J
20.4094,18.17937,Premium,F
-20.308786,-17.061985,Good,D
-0.918498,61.31013,Good,D
18.146677,-16.477856,Good,E
36.46036,12.205734,Ideal,E
-4.643039,-58.49211,Ideal,F
15.858358,-61.45838,Ideal,H
15.490526,20.570063,Very Good,I
37.43877,0.90316385,Ideal,D
7.1964927,-11.916945,Premium,F
23.65252,13.043575,Ideal,E
-14.616299,62.35191,Very Good,E
-9.152884,44.352097,Very Good,J
-7.228386,-19.414005,Very Good,F
38.203205,2.8900282,Ideal,F
-18.5106,8.407818,Good,G
45.298637,4.6941533,Ideal,E
-5.789487,7.5726094,Premium,E
-3.3297987,45.886005,Fair,G
-27.296045,-39.434402,Ideal,G
-25.510107,39.630558,Very Good,D
-12.607348,53.36564,Ideal,G
40.414444,11.435517,Ideal,D
-8.530465,-53.997818,Ideal,G
11.50308,19.698345,Very Good,D
31.444048,-43.57541,Very Good,E
-8.439025,46.978252,Good,F
14.676458,4.891599,Ideal,D
-12.855973,64.601524,Premium,F
-21.190252,-26.089827,Ideal,G
22.80224,16.403532,Premium,F
9.193399,5.3394628,Ideal,E
30.29595,7.658125,Ideal,H
-30.944265,37.16588,Fair,D
-3.191795,12.182057,Premium,G
1.9033141,3.2501628,Ideal,H
16.568459,-48.109005,Ideal,D
30.229132,-2.2265427,Very Good,G
-18.705746,0.777546,Very Good,G
-37.105965,3.0328047,Premium,H
-31.75997,-25.188597,Very Good,E
-18.6812,-13.089094,Good,F
30.425667,6.1067524,Ideal,G
-23.970375,46.019,Ideal,J
-33.431168,40.038013,Very Good,E
-4.732762,19.397396,Good,I
-39.108196,-4.029406,Very Good,J
14.766757,-65.742035,Ideal,H
-17.219212,-4.866751,Very Good,H
7.070297,25.013819,Good,D
-17.084461,-16.51896,Very Good,F
33.559914,5.8892603,Premium,H
23.804861,-12.2755575,Premium,F
41.7182,-10.496504,Premium,E
-39.05251,-5.6730213,Very Good,J
-22.988798,4.1472526,Very Good,H
14.9520645,19.626749,Very Good,G
-12.852524,-18.822811,Very Good,F
45.576725,4.8187413,Ideal,D
-9.154831,65.763916,Very Good,F
-30.157562,2.4694264,Very Good,J
2.1659079,5.7044835,Premium,G
30.17171,26.368767,Ideal,J
2.7849164,12.35116,Ideal,I
-27.414022,55.804066,Very Good,G
44.552837,-13.503998,Premium,G
-3.4979913,-65.94509,Very Good,G
-16.377205,-20.63599,Ideal,F
31.10177,-1.9070075,Premium,F
-19.780537,10.820622,Fair,G
26.376875,24.460922,Ideal,H
-9.250783,-61.264713,Ideal,H
11.398473,-66.583595,Premium,H
-19.499924,58.822556,Ideal,E
-2.246729,15.782866,Very Good,H
30.01005,-48.450737,Ideal,G
9.715938,-66.00515,Premium,D
-10.785805,45.99794,Very Good,H
-37.769264,-3.5212862,Ideal,J
28.753456,26.996767,Ideal,J
-9.176305,-54.090828,Ideal,H
39.4035,6.100507,Ideal,E
-33.24687,-27.949917,Premium,G
0.01249663,-12.466105,Premium,G
-17.405394,51.67853,Ideal,H
-15.072539,-23.020866,Premium,D
28.528915,-49.942818,Ideal,G
-8.213171,50.46057,Very Good,E
-20.260544,7.584367,Good,H
-17.509298,48.71723,Ideal,F
-33.0897,-3.0707598,Premium,H
18.737297,-47.620483,Ideal,F
-32.087486,35.934246,Premium,D
18.024874,-47.533848,Ideal,F
-26.481293,-39.701416,Ideal,G
-30.791105,-23.808414,Very Good,E
-18.222946,5.152486,Very Good,H
16.607962,-0.9300691,Ideal,F
-36.75808,-16.680494,Very Good,G
42.449837,-11.469245,Very Good,D
-14.211496,-10.273115,Premium,D
-9.340966,48.184124,Good,D
0.6368215,18.605686,Premium,J
-27.282385,50.836758,Ideal,E
28.45926,22.795866,Ideal,G
-1.9494537,-65.404396,Very Good,E
-17.94415,-1.1869252,Very Good,G
-5.895022,44.917625,Fair,I
25.284044,21.820957,Premium,J
-32.128952,38.53702,Premium,E
-5.1025996,62.669075,Ideal,G
27.663637,14.0160675,Premium,G
2.5204856,27.121344,Fair,J
-16.024792,-19.433056,Ideal,G
-33.24919,-31.350473,Premium,E
-27.583223,0.44212928,Ideal,J
2.940474,-58.541634,Very Good,E
27.626028,-43.17201,Premium,F
-17.604057,4.076863,Very Good,H
19.899883,19.827534,Premium,E
24.145187,26.721975,Very Good,H
-24.019464,-1.5953782,Premium,H
-29.520517,3.1838923,Premium,J
-19.579926,-16.503487,Good,F
-32.752804,-42.68799,Ideal,G
27.208925,27.201479,Ideal,I
-36.671104,1.6686739,Premium,J
-31.456041,-38.057922,Very Good,D
32.56032,20.004837,Ideal,H
15.830829,16.92713,Ideal,H
27.027916,-52.82621,Ideal,I
-25.143713,59.662315,Good,D
-7.5227175,-38.80683,Good,I
20.975197,18.256514,Premium,G
31.548256,-48.175533,Ideal,G
-2.2510097,-16.390888,Premium,D
23.717934,9.928151,Premium,D
13.853373,-45.36175,Very Good,F
-13.467775,-13.4782915,Ideal,F
-8.488944,54.32651,Good,F
-17.70571,1.1336011,Premium,G
-18.770731,5.8753543,Very Good,H
20.929056,3.3510292,Premium,E
20.150585,-16.357786,Good,F
12.529407,7.19406,Ideal,F
41.56433,17.429995,Premium,E
-28.888287,-39.836346,Ideal,G
0.8824471,14.130838,Premium,I
-15.599718,1.1703485,Premium,H
3.5427446,-58.542103,Very Good,F
-26.971571,-5.0565677,Very Good,J
30.159391,-46.334488,Ideal,E
-24.359442,-1.8230786,Premium,H
17.108528,-49.73088,Ideal,D
25.467237,25.171938,Ideal,G
22.99306,-11.478855,Very Good,D
-29.40208,-39.74256,Ideal,G
-22.253984,42.097675,Ideal,I
29.423397,17.373552,Ideal,E
7.3839602,-18.765429,Fair,D
38.20346,-11.506336,Ideal,G
31.79816,23.650452,Ideal,J
42.719257,-11.77057,Very Good,E
29.299463,19.490488,Ideal,G
-8.956768,-58.90616,Ideal,G
-16.877155,-21.876915,Ideal,E
-17.610888,12.081764,Fair,F
42.50748,-17.692348,Premium,G
21.69728,-7.8619313,Premium,G
27.165924,6.0735183,Ideal,I
16.887142,9.909677,Ideal,G
16.62406,-1.1038133,Premium,F
-13.921102,55.018517,Ideal,F
-36.878902,31.426197,Ideal,D
-1.284699,-8.325129,Ideal,H
19.156727,-46.482105,Ideal,G
-19.503862,-14.669179,Good,F
27.361856,-51.682755,Ideal,H
-10.91903,56.94067,Ideal,G
19.354568,-6.2275496,Premium,H
-3.926112,-53.975674,Ideal,E
-5.715685,-61.603397,Ideal,H
-10.721755,6.7592273,Good,I
-8.147616,14.540646,Very Good,G
29.843386,28.209675,Very Good,J
18.630562,-6.1702332,Ideal,I
12.985469,5.1991816,Ideal,D
-6.8701806,-52.76731,Very Good,E
2.3025787,12.34632,Ideal,I
-11.625212,-1.6470852,Ideal,E
33.58436,-48.805634,Very Good,H
-37.696167,-15.010984,Ideal,H
3.6539094,2.77322,Ideal,G
-7.9512663,-53.078346,Very Good,F
-24.7863,-9.270451,Premium,H
-25.979496,40.813175,Premium,G
14.020552,-44.897156,Good,F
4.0352645,-13.883065,Very Good,I
38.79367,12.372704,Ideal,E
-19.07101,-15.286456,Good,F
-2.9043124,-63.181553,Premium,E
-6.8526864,44.210903,Fair,I
-12.611197,-58.28977,Good,F
16.123339,17.453314,Premium,G
-28.454079,-5.7919965,Ideal,I
-18.908968,-20.053076,Ideal,F
36.496407,3.2814362,Premium,F
-13.091533,42.741997,Very Good,E
-17.66534,57.756027,Premium,G
36.4193,0.09835066,Premium,E
-22.008333,52.390675,Ideal,F
-31.029606,5.627254,Ideal,H
-31.200912,-12.9110775,Premium,I
-4.491825,-59.114487,Ideal,F
2.1457415,9.382008,Premium,G
36.47846,13.824064,Ideal,E
-20.581154,-3.404718,Ideal,H
-4.981667,-58.4612,Ideal,F
-3.4959145,14.264975,Very Good,H
-30.82979,-25.349237,Ideal,D
-32.333805,-29.452301,Ideal,G
-6.0293684,18.395315,Good,J
31.677755,-6.3602967,Ideal,E
-34.05475,-31.406895,Very Good,F
15.010298,4.1985736,Ideal,D
3.0548365,9.247399,Ideal,G
20.815454,5.4880805,Premium,E
4.0404487,13.76552,Ideal,H
-32.806984,-42.650238,Ideal,G
-5.3985677,45.3102,Fair,D
33.45998,-49.378777,Very Good,H
-19.75185,9.007989,Good,E
34.67972,16.641489,Ideal,G
17.255428,-40.72026,Premium,H
-7.5509276,66.13063,Ideal,E
-28.252567,-36.45529,Fair,G
-0.1175393,-4.3414145,Ideal,E
-3.0345402,-56.02835,Ideal,E
-16.898533,41.745674,Ideal,H
-11.620076,2.293288,Good,E
-35.661415,-9.646843,Ideal,I
-3.967337,-4.519646,Ideal,D
20.1663,-49.047153,Very Good,G
-12.6147175,-16.608734,Premium,G
31.16962,-0.6748543,Premium,H
27.67518,-40.666824,Very Good,F
28.548716,6.750919,Ideal,G
-17.368248,11.294169,Good,D
15.087092,-64.84137,Ideal,G
-2.907735,5.9381943,Ideal,H
31.936682,21.41413,Ideal,H
-12.47354,43.456306,Very Good,F
17.60271,-3.9810786,Very Good,G
37.179657,4.552809,Premium,F
-16.347363,-21.24759,Ideal,E
-3.2171783,46.580894,Fair,F
25.362112,-50.19284,Ideal,G
-9.336099,-62.915268,Ideal,I
-37.53637,30.21275,Good,F
12.978469,-0.9278206,Premium,E
13.711762,-0.4740611,Premium,D
25.906826,21.824213,Ideal,I
-15.843922,-14.2526655,Good,G
26.836569,19.044476,Very Good,G
43.438663,-13.010246,Very Good,G
9.113624,5.285265,Ideal,E
41.9042,15.430341,Ideal,D
-23.612194,47.41449,Ideal,I
-20.43257,50.472507,Ideal,D
-8.2501745,9.555212,Very Good,F
16.952099,8.518615,Ideal,G
39.74502,15.434651,Ideal,E
-8.245303,59.598175,Ideal,H
-22.677578,-24.88418,Premium,F
-11.104138,-58.926697,Premium,H
28.10348,-1.8096685,Premium,F
-37.620487,36.09064,Good,I
14.802118,-61.464577,Ideal,G
43.035713,-15.295949,Very Good,F
-13.108679,56.870544,Ideal,F
-6.3110566,-15.478433,Premium,D
12.253471,-65.602905,Ideal,F
35.45055,20.393263,Ideal,H
8.349322,25.09417,Very Good,D
41.242558,16.21228,Ideal,E
-2.1815076,-4.9403114,Ideal,G
1.2568471,17.75139,Very Good,J
-34.775467,5.5506296,Fair,G
-20.562466,-21.924845,Good,D
-11.204752,48.607876,Good,D
-25.441618,-5.9624267,Very Good,H
-35.268215,-2.245293,Ideal,J
10.621922,-1.9352671,Premium,E
22.991518,-51.477047,Very Good,F
17.360252,-39.382732,Premium,I
-0.11572717,-13.653461,Premium,G
-21.434212,-5.3650336,Ideal,H
23.097319,0.6314319,Premium,E
15.720527,-45.711967,Ideal,F
-5.680046,-61.280697,Ideal,G
-7.527248,-61.32649,Ideal,G
20.429188,-13.177667,Good,G
2.4938307,-13.801846,Very Good,H
8.825472,9.606247,Ideal,H
29.680466,25.791342,Premium,I
11.718309,26.811943,Very Good,E
-5.3450546,-57.36638,Ideal,F
-25.649498,-25.709955,Ideal,G
43.05535,-13.13723,Ideal,E
-27.306635,45.53822,Premium,H
39.442997,-14.41836,Ideal,G
-33.240574,2.952145,Good,J
34.872486,9.9176235,Ideal,E
-21.36663,-4.54465,Ideal,H
-10.093031,45.34858,Very Good,I
-13.721227,51.25953,Very Good,D
7.4273605,-58.773483,Ideal,F
-14.665894,59.954227,Premium,D
-26.0753,5.876372,Fair,I
-16.475428,-8.576251,Very Good,G
19.60602,-51.99911,Ideal,F
5.344654,-6.8453727,Premium,F
26.210518,26.522612,Ideal,H
-22.5091,0.878542,Very Good,I
-12.1972065,65.91501,Premium,H
31.00093,14.228001,Ideal,F
39.144962,-9.981095,Ideal,E
30.379425,13.502607,Ideal,F
-0.85115784,0.060470797,Ideal,E
-11.511528,48.06881,Fair,E
-31.890537,-3.0141468,Premium,J
-19.61066,56.06267,Premium,F
-26.155104,57.7455,Good,F
-25.708374,41.35094,Very Good,H
-29.93872,40.757965,Ideal,H
-4.3580256,-53.211956,Ideal,D
-28.246645,-39.332188,Ideal,F
21.39801,-46.51408,Ideal,G
-13.049316,-0.549807,Premium,F
13.605181,-63.28983,Ideal,G
19.460308,-4.9685526,Premium,H
-1.9411961,-3.5972002,Ideal,F
-15.981076,-15.948818,Premium,G
21.327642,-11.379136,Very Good,E
-5.7239413,54.951206,Very Good,G
27.924034,19.930815,Ideal,G
-15.658934,44.8614,Premium,G
-12.390902,56.28238,Ideal,E
-10.042986,-62.164024,Ideal,I
6.2376485,26.959484,Good,E
46.325344,8.751578,Ideal,D
-0.10167546,19.404406,Premium,J
-25.379185,-40.021416,Premium,G
-13.28384,-16.525991,Premium,F
-20.029585,-4.9104733,Ideal,I
0.110306665,-0.048882276,Ideal,F
23.592064,-7.261707,Very Good,G
13.91869,-0.45503312,Premium,E
6.9929624,-17.586971,Fair,F
12.610519,-7.946185,Premium,H
40.319927,-21.69734,Very Good,I
13.182966,-64.86467,Ideal,G
-19.426207,11.144295,Fair,F
24.506134,-6.987732,Very Good,F
6.373503,-18.316057,Good,D
20.26003,22.700045,Very Good,G
19.300528,28.3342,Good,I
-16.347542,49.645523,Ideal,D
-15.708908,60.765366,Premium,E
40.232952,4.1845455,Premium,D
-26.497208,-24.430115,Premium,F
0.28709128,-2.2154377,Premium,D
34.446957,10.632562,Premium,D
33.977077,5.1579967,Very Good,G
14.297087,-63.86908,Ideal,F
-9.188953,48.048584,Good,D
-16.32823,9.258163,Good,F
19.399864,6.6364956,Ideal,E
8.041687,0.53587466,Ideal,E
-8.393051,-18.895117,Premium,G
-21.600672,-1.3622153,Ideal,I
-33.074673,-40.28945,Premium,G
-31.13297,34.979557,Ideal,F
20.63209,-13.282793,Good,F
16.706429,2.4474192,Ideal,E
44.312546,7.33853,Ideal,D
2.7398622,6.2329535,Ideal,H
-7.289058,51.330875,Very Good,E
31.053656,12.097458,Ideal,F
-32.890446,-31.792734,Premium,E
-28.244934,-39.994064,Ideal,F
-25.635756,-12.650788,Ideal,H
35.678913,7.195832,Ideal,F
20.472872,-5.470553,Premium,I
42.283417,-12.286526,Ideal,E
25.461199,-10.478369,Premium,H
-8.878823,53.233936,Premium,F
-16.59922,-15.251329,Very Good,G
15.742388,-64.06419,Ideal,G
-29.381823,1.740152,Very Good,J
-31.017366,-15.194834,Ideal,I
29.807472,-41.810394,Very Good,E
25.27841,21.19591,Premium,I
-18.024588,10.070918,Good,E
-0.5008525,61.380497,Good,D
-32.04309,-37.728027,Ideal,D
20.796188,21.390087,Very Good,F
23.22513,-42.379696,Very Good,E
-13.059538,4.938243,Very Good,I
22.223093,-1.3494613,Very Good,G
21.086079,18.007277,Premium,G
12.070377,2.9986594,Ideal,E
-29.060892,-39.25554,Ideal,F
0.30788147,7.994525,Very Good,G
-15.380702,-17.103539,Ideal,H
16.848001,29.851427,Good,H
-28.426771,-41.1306,Very Good,F
21.352465,-51.748505,Ideal,G
-18.075315,44.167797,Ideal,I
-3.6250436,-54.562935,Ideal,E
-32.61744,-27.26133,Premium,G
-2.101007,-16.889164,Good,D
42.76179,13.0904455,Ideal,D
14.384854,-69.07387,Very Good,J
31.03244,-48.652718,Premium,G
-15.364181,46.206806,Premium,D
-1.77981,-5.129659,Ideal,G
18.266884,-39.366074,Very Good,I
-16.28926,-22.355019,Ideal,F
-18.628395,-13.331536,Good,G
-33.843723,-28.468903,Premium,E
19.97151,1.2436064,Very Good,D
-14.830847,-23.100765,Premium,E
41.089737,10.600066,Ideal,E
-0.38147905,0.81216496,Ideal,F
17.062645,18.82134,Premium,H
-12.421689,-22.240772,Very Good,E
11.107687,5.4512334,Ideal,D
1.7188872,-3.379775,Premium,E
-11.973622,55.332954,Premium,F
40.298557,-13.418463,Ideal,H
24.818607,19.404879,Premium,G
1.0788155,0.5622133,Ideal,G
-15.554476,1.7514241,Very Good,H
27.844536,-47.448437,Ideal,E
33.246223,-0.52254504,Ideal,F
-3.73266,-53.641735,Ideal,D
41.02888,8.873966,Ideal,D
-31.489904,35.174404,Premium,G
16.514744,26.211893,Very Good,H
-7.739305,6.962354,Very Good,D
-19.851469,58.662247,Very Good,E
12.286853,28.573267,Good,E
-12.205761,12.552145,Very Good,E
32.419582,-48.951694,Very Good,G
-20.33581,4.2739463,Premium,I
-25.586226,-11.3032055,Very Good,H
19.338655,-44.567036,Ideal,G
13.24009,-63.555786,Ideal,G
4.714038,27.019758,Good,F
-37.664402,-15.4225445,Ideal,G
8.522118,24.741503,Very Good,D
24.418903,-1.5860691,Premium,E
-27.247076,0.28704444,Ideal,J
13.631906,-9.351424,Very Good,I
-35.451546,-10.648627,Ideal,I
-25.149473,49.334118,Very Good,I
-2.0365498,-11.916235,Premium,G
-35.623653,3.3220172,Premium,E
18.900553,-44.753677,Ideal,G
33.505875,10.790983,Premium,E
1.9382904,-16.169193,Good,I
36.679573,12.239321,Ideal,E
-22.369583,-26.998728,Premium,E
13.92948,-16.193836,Good,E
-16.826925,42.779682,Ideal,G
-13.659939,47.91526,Very Good,D
-13.947926,59.804585,Premium,F
-3.6259885,20.171192,Good,I
35.47134,-15.242819,Good,F
11.159193,24.902187,Good,E
36.536873,13.981064,Ideal,E
-10.311571,14.892361,Very Good,F
26.14045,-50.93164,Ideal,H
16.937885,-64.069756,Very Good,F
-36.49548,-14.494584,Ideal,I
-13.900118,-0.1934287,Premium,F
-30.33841,3.066258,Premium,I
-19.51995,45.17003,Ideal,H
-4.2167745,62.562042,Premium,H
-17.471037,5.176819,Very Good,H
47.551357,8.375101,Ideal,D
9.943418,9.955791,Ideal,G
12.462268,-63.797134,Ideal,F
2.1691551,-10.084362,Good,G
30.10262,-6.9756775,Very Good,F
38.700886,12.056546,Ideal,E
15.365964,-41.93689,Ideal,G
12.993542,-64.35677,Ideal,G
-1.0959562,-13.840388,Ideal,H
30.590515,11.914677,Ideal,G
38.21452,5.851974,Ideal,F
34.153374,25.822416,Premium,I
28.675383,4.702363,Ideal,H
21.615326,-44.23437,Very Good,D
-20.564472,11.06359,Fair,H
-7.0161996,45.139206,Fair,H
-15.787206,50.39488,Ideal,E
24.883308,-44.819836,Very Good,E
-2.3145564,-65.646515,Very Good,G
-16.275541,-15.725717,Premium,G
-28.100937,41.699913,Ideal,H
23.480183,-10.80956,Premium,E
19.573338,24.555033,Good,G
28.68246,-40.996548,Very Good,F
-26.270992,-10.816672,Premium,H
33.435192,-50.28284,Very Good,H
-20.108248,-7.4545803,Very Good,H
-23.006962,-23.96102,Very Good,G
10.76776,15.064555,Very Good,G
25.145712,-11.767238,Very Good,F
-0.85232705,61.294914,Good,D
-32.165623,-39.045258,Ideal,G
27.724844,-44.648483,Ideal,G
-35.655342,-9.288667,Premium,I
-15.264213,0.37239575,Premium,G
-22.371315,57.431355,Very Good,G
-2.0174966,1.8012066,Ideal,E
-36.971764,32.918148,Premium,I
31.879175,17.769905,Ideal,G
41.071785,15.880637,Ideal,D
-6.3631306,64.40541,Premium,D
-17.900814,-14.967197,Very Good,G
-26.245968,59.57528,Good,D
13.541387,8.339581,Ideal,F
28.075949,4.0097117,Premium,I
-9.738763,-48.425194,Premium,J
-18.157589,11.044703,Fair,E
-8.142846,13.380961,Very Good,F
-4.7514887,63.194958,Premium,G
31.880274,17.9445,Premium,H
28.335875,-44.681194,Ideal,E
-19.225143,52.928726,Good,D
-21.677103,53.794056,Premium,E
26.0174,-47.096344,Very Good,E
-2.8945706,2.838154,Ideal,D
-13.570344,-16.997854,Premium,G
-37.394573,-12.818006,Premium,G
18.30963,22.0897,Very Good,E
11.189534,28.952585,Good,D
22.374802,-5.353922,Very Good,G
-38.9661,-11.024365,Fair,E
14.445248,15.983846,Very Good,F
13.946414,-64.58716,Ideal,G
43.286285,-15.286282,Premium,E
26.242546,-52.43422,Ideal,I
17.865965,27.178596,Very Good,G
18.446547,22.978176,Very Good,F
-4.881637,-0.5534037,Ideal,E
10.283063,-5.7622614,Premium,F
17.670612,28.17276,Good,H
29.060356,-1.600988,Premium,H
32.14575,20.724123,Ideal,H
-19.094128,-5.4988246,Ideal,H
20.570038,2.9620466,Premium,E
23.636385,-52.35489,Very Good,H
27.559124,-38.66106,Premium,E
-31.10568,3.9471898,Ideal,J
-8.897808,-11.240042,Premium,E
-37.35253,-3.671043,Premium,J
28.271694,-3.3321223,Premium,G
12.673013,-2.045112,Premium,D
8.464455,-15.1623125,Good,I
-37.005863,-13.015746,Premium,E
19.836914,-39.051296,Very Good,H
-25.45886,59.08037,Good,F
-18.225807,49.194805,Ideal,F
-10.66891,49.248013,Very Good,E
12.03562,3.1403022,Ideal,D
-6.478004,15.567418,Very Good,H
22.045044,-2.5605497,Very Good,F
31.274065,-41.179375,Premium,D
-18.768463,7.8228307,Very Good,G
-27.548405,51.02965,Premium,F
42.161884,12.738287,Ideal,E
-32.38386,38.41787,Very Good,E
-24.910696,-9.250894,Premium,H
-16.965113,48.348473,Ideal,E
2.1475418,-11.906478,Premium,H
36.444237,5.886798,Ideal,F
15.212494,-41.50677,Ideal,H
-33.73351,-39.276234,Ideal,E
-10.217779,15.539016,Good,F
-28.076483,53.58581,Premium,H
-7.898966,62.041252,Ideal,F
45.58518,17.429966,Very Good,F
-1.3402091,62.015305,Good,G
-24.991938,-25.57693,Ideal,G
-14.59458,8.8018,Good,E
-8.265038,-55.341595,Ideal,G
20.965715,-43.937733,Very Good,E
19.775623,-43.742558,Premium,G
21.132336,-17.42884,Fair,H
-26.388317,-6.116642,Premium,I
-0.28673717,-59.199574,Ideal,F
2.5653858,-15.0471735,Premium,H
29.886677,1.8340867,Premium,G
-28.815573,-40.491108,Premium,F
-7.8573127,2.7539978,Very Good,D
-28.862486,-11.793469,Premium,I
28.494537,-51.63079,Premium,H
-9.899592,57.649437,Ideal,H
-3.8568978,-14.283379,Premium,E
-19.982735,-9.033246,Ideal,F
12.210411,-65.00324,Ideal,F
-5.959904,49.55509,Good,G
-27.684721,41.085213,Ideal,H
-5.6203995,62.935963,Premium,F
-13.443333,49.356083,Premium,F
16.237217,-62.07244,Very Good,H
-37.494125,31.827791,Premium,H
-2.0304046,60.102715,Good,E
8.997732,-4.8240542,Very Good,D
22.748066,-10.652101,Good,E
-33.23403,39.387684,Ideal,E
-16.818846,2.0381064,Premium,G
-8.276474,63.572502,Premium,E
-23.349216,-25.164488,Ideal,F
34.73054,19.175322,Premium,I
-32.1288,-28.185802,Ideal,G
13.843185,0.35391617,Premium,E
14.895319,-66.92011,Ideal,H
-9.800036,58.799248,Ideal,H
39.50056,6.2834597,Ideal,E
-7.815307,4.9658356,Very Good,D
28.841356,-46.705273,Ideal,D
-26.179827,-24.213661,Very Good,F
9.662755,-5.6658173,Very Good,F
24.39404,11.785365,Ideal,D
-16.862076,-16.156557,Very Good,G
2.801339,2.004873,Ideal,G
29.927052,14.375124,Ideal,F
34.97312,17.181576,Ideal,G
27.874847,-0.28871283,Premium,F
27.034632,-50.407825,Ideal,G
-39.463654,-4.4725323,Premium,J
31.77099,-50.792576,Very Good,E
29.063042,-43.996933,Ideal,E
2.2805882,12.032064,Ideal,I
19.920437,-16.443651,Fair,F
-3.020027,-13.390278,Premium,E
-10.155749,65.52419,Ideal,F
17.425241,-39.80964,Ideal,H
-28.393871,2.8128715,Very Good,I
-3.7113583,63.36475,Very Good,F
32.72168,15.18737,Ideal,F
29.993885,-40.917274,Very Good,E
20.733313,8.420004,Ideal,D
-32.70804,-42.750854,Ideal,G
6.574361,-15.165016,Good,I
21.22375,10.992371,Ideal,D
-16.927061,10.603854,Good,E
-24.840641,39.7507,Ideal,E
-16.974943,-22.79668,Ideal,G
-27.498089,45.31271,Premium,H
-12.635424,63.220028,Ideal,D
24.512012,12.334139,Ideal,E
-32.176495,-37.053696,Ideal,E
-32.193787,40.385265,Premium,E
1.1452814,-14.811832,Premium,H
32.817024,6.6347175,Premium,H
9.066096,-10.595009,Premium,E
15.109301,16.60195,Premium,G
16.09542,17.639944,Premium,G
20.355352,-0.9624406,Premium,E
-17.627836,-21.272379,Ideal,F
-18.589212,2.8237267,Very Good,E
-8.222273,-63.823994,Premium,H
-12.646178,-11.901775,Premium,E
-15.516902,46.756382,Premium,E
-24.767542,41.835415,Premium,I
9.979781,4.6624756,Ideal,D
-4.6364627,65.08744,Ideal,D
-8.830632,52.803547,Premium,G
-25.926378,-39.764828,Ideal,G
19.464468,-52.94149,Very Good,F
4.533695,-11.698856,Very Good,I
42.158848,-19.85175,Ideal,E
30.64228,20.240108,Ideal,G
10.901358,29.474384,Good,E
-28.89431,-6.834033,Ideal,E
46.47562,7.7220263,Ideal,D
-3.3086116,6.441887,Very Good,G
24.696507,-7.6281366,Very Good,D
11.9560795,-4.4554806,Very Good,D
16.896082,-43.598503,Good,F
2.7755487,12.107944,Ideal,J
-8.120871,59.707237,Ideal,H
26.886122,-52.63983,Ideal,I
21.745531,-43.452442,Very Good,E
-17.151274,53.530502,Very Good,F
-30.011995,50.504017,Good,I
-31.877659,-5.5526075,Very Good,J
-37.000183,33.119072,Ideal,J
31.914234,-48.635983,Premium,G
14.207639,-45.73805,Very Good,E
42.3475,-16.626179,Ideal,E
-13.468285,44.938885,Very Good,H
-5.955383,7.4812603,Ideal,E
-9.796281,-62.176075,Ideal,I
14.376814,-9.313974,Premium,I
0.099060506,-12.099135,Premium,G
6.867811,8.730118,Ideal,G
17.637615,-46.20238,Ideal,D
22.64817,-0.84537566,Very Good,F
-11.866728,2.7781315,Very Good,F
-9.029247,59.461765,Ideal,J
-7.0678525,-3.8008385,Very Good,D
5.9897723,-14.165323,Premium,J
43.900494,14.421798,Premium,E
-35.707127,-8.1655,Premium,I
-13.971332,56.83651,Ideal,F
13.42916,11.795193,Very Good,E
17.166166,-40.058617,Ideal,I
29.024181,20.81236,Ideal,H
29.464489,6.143288,Ideal,H
30.124334,-6.9359784,Very Good,F
-32.1017,-25.899498,Very Good,G
-30.327848,1.7453879,Ideal,J
42.508198,-12.55093,Ideal,G
-9.29407,16.743212,Good,G
-5.7809725,49.67069,Very Good,H
-31.216146,-24.011274,Premium,D
16.080929,-15.342101,Premium,E
43.77318,16.672787,Ideal,E
-32.981056,-41.661453,Very Good,F
-4.907488,-1.3777194,Ideal,D
-1.6835009,-3.268578,Ideal,E
-15.518091,48.781757,Premium,D
8.828508,25.412235,Very Good,E
29.358664,-2.165667,Very Good,G
-4.945377,-61.204384,Ideal,G
23.98122,-4.17682,Premium,F
-17.032719,4.750335,Very Good,H
45.639633,7.9548874,Ideal,E
-6.291468,61.889248,Ideal,D
-7.886698,-59.6948,Ideal,G
-8.83876,-60.339622,Ideal,G
-21.702896,47.41887,Premium,G
-32.983494,6.3113756,Premium,I
46.699017,7.506149,Ideal,E
6.518303,-10.680477,Very Good,G
-32.48748,-0.77553517,Premium,I
-1.8214562,61.67374,Very Good,F
-2.1347127,-11.866813,Premium,F
7.733622,-15.150333,Good,I
44.34352,5.979926,Ideal,E
25.026928,-10.11642,Very Good,F
-22.019346,-25.056023,Premium,G
-31.464144,-28.815193,Ideal,G
-2.4224901,11.441296,Premium,F
-1.0108606,5.3241754,Premium,F
-22.567831,44.422222,Premium,H
25.032017,-45.07051,Premium,E
0.5305731,14.785581,Very Good,I
-20.407837,4.172352,Premium,H
14.68714,-47.3418,Ideal,F
-17.899773,6.9978642,Very Good,F
34.96345,-14.04279,Very Good,F
34.99507,-13.989342,Very Good,F
14.556733,-42.233517,Ideal,I
5.935373,27.162224,Fair,E
18.546047,6.8532696,Ideal,E
-32.211525,-28.77102,Ideal,G
-14.553173,56.994255,Ideal,D
-27.331963,9.721381,Good,H
31.982742,20.549135,Ideal,H
31.418186,2.9149413,Ideal,F
-37.9004,4.837125,Fair,H
-6.005588,65.82591,Ideal,E
-7.71103,46.90139,Fair,D
-24.117367,44.825012,Ideal,J
26.471237,-50.08126,Ideal,G
24.890238,-45.361874,Premium,D
-17.418282,51.500786,Ideal,F
28.200891,24.266537,Ideal,H
1.329986,-15.073685,Very Good,H
-25.0215,-25.994188,Premium,G
45.156147,7.1402116,Ideal,E
19.567833,24.587257,Good,G
16.503736,5.8138447,Ideal,F
-2.9128256,-58.540466,Very Good,D
41.531887,8.590953,Ideal,D
14.737518,-47.318413,Ideal,E
23.248629,-13.567112,Premium,F
-25.34782,53.958103,Premium,G
-32.669365,-43.23342,Very Good,G
-13.646773,10.300265,Very Good,E
28.886122,-38.785736,Ideal,D
-33.561886,-40.38892,Good,E
27.345495,-39.14415,Very Good,E
11.6711,15.8819685,Very Good,G
12.785503,26.420298,Good,E
-31.978022,-36.258816,Premium,G
28.114883,-2.1423764,Premium,G
22.02457,-11.482622,Premium,D
-13.757847,-22.529486,Very Good,E
-23.818205,-28.779413,Ideal,E
-12.52708,-21.2794,Very Good,G
-27.488325,52.775425,Premium,J
-35.792553,33.619446,Ideal,F
-33.773888,3.4583697,Good,J
19.146196,-13.019865,Fair,G
-27.5936,55.67116,Very Good,G
-6.911576,63.5839,Premium,E
20.529348,24.288898,Very Good,H
-37.54006,33.149433,Premium,H
-14.784508,48.617226,Premium,D
-6.4844527,-63.061264,Very Good,G
4.5125475,-13.9042425,Very Good,I
2.8844085,11.258365,Ideal,H
-5.957686,20.79234,Fair,I
31.218761,-46.569206,Very Good,E
-34.320377,-3.268735,Very Good,J
-27.472927,9.68561,Good,H
7.2546787,-58.656727,Very Good,G
-33.159622,-1.0688702,Ideal,J
-27.853483,-37.283604,Very Good,G
-14.098002,51.41493,Premium,F
-8.457111,-52.312263,Ideal,G
-21.35136,1.8591855,Premium,H
9.346428,8.479293,Ideal,G
41.77816,3.5539222,Ideal,D
-28.843275,2.096033,Premium,I
-29.996998,-16.489525,Premium,H
-5.8932095,-57.17211,Ideal,F
-37.500896,-3.6588297,Ideal,J
24.792622,20.649305,Premium,H
-8.954195,-18.490376,Very Good,E
-7.3075323,7.848569,Premium,D
-20.98089,-24.463413,Premium,F
-8.353847,60.41132,Ideal,H
-6.378444,-59.151142,Ideal,F
40.97888,8.855572,Ideal,D
-25.818054,41.47642,Very Good,H
-0.55901605,-59.232105,Very Good,E
17.903986,30.18143,Good,I
26.582205,-46.14572,Ideal,D
-17.362839,42.53245,Ideal,H
-32.152126,-26.146412,Premium,F
-37.24723,34.048714,Ideal,F
17.072702,-47.088467,Ideal,D
-7.081898,-37.987453,Good,I
-32.26005,-42.843613,Ideal,G
-12.091278,53.515434,Ideal,G
4.6688313,27.040709,Fair,F
30.377203,20.257412,Ideal,G
16.471756,-47.638332,Ideal,E
17.239298,-40.68479,Ideal,H
16.954035,1.498404,Premium,E
7.337732,25.20304,Good,D
19.186588,-2.7598827,Premium,F
-25.20551,-10.691394,Premium,H
2.1713266,-3.467441,Very Good,E
28.921215,4.7611375,Ideal,H
-37.590816,-6.480991,Ideal,J
-7.969618,10.932776,Good,G
11.516479,11.700937,Very Good,E
33.041115,2.0275896,Ideal,G
-8.629556,-55.706722,Ideal,G
-37.556038,-3.1790607,Ideal,J
-15.584935,48.16157,Ideal,E
34.126713,-49.8743,Good,G
-3.1894472,46.379707,Fair,F
-12.717544,44.771786,Very Good,H
-7.498906,14.926168,Very Good,G
6.5536156,-7.2193174,Very Good,E
14.684061,26.182917,Good,G
-28.19104,-10.940582,Ideal,I
12.479014,-65.33466,Ideal,F
-20.847542,-24.297112,Premium,F
-26.783224,46.147835,Premium,J
45.622814,4.1520567,Ideal,D
-19.501646,46.135986,Ideal,G
35.53183,10.616154,Ideal,D
-17.72318,12.997848,Good,E
8.209315,-11.34137,Premium,F
19.51751,16.69234,Premium,G
-21.08445,51.08052,Premium,D
19.314306,-8.056237,Ideal,G
5.4445176,-15.421856,Premium,H
12.485514,-0.6117175,Ideal,E
-18.489882,55.544685,Very Good,F
1.1635337,-2.5458243,Premium,D
37.6977,10.754704,Ideal,E
-29.442137,-23.16447,Very Good,D
-6.5087156,-39.00069,Very Good,J
-16.524246,-23.3276,Ideal,E
-23.425425,-24.894426,Ideal,E
6.787598,9.597531,Ideal,H
-23.309126,-8.7171335,Premium,F
-9.336807,-51.60402,Ideal,I
12.751892,-53.22431,Ideal,D
39.391342,-14.402206,Ideal,F
-26.439655,5.7047257,Good,I
5.819964,2.8720565,Ideal,E
-13.54037,13.770357,Fair,D
32.697807,8.31836,Ideal,H
-13.347934,-16.006758,Premium,G
46.13509,-21.336525,Ideal,F
-28.910149,44.812122,Ideal,H
24.76363,-12.237637,Premium,G
-30.770315,-20.039331,Premium,G
25.750965,-11.69976,Premium,G
-18.07883,-23.568714,Ideal,G
-20.483961,52.468647,Ideal,D
27.072832,-51.14433,Ideal,H
27.20419,-40.313255,Very Good,D
19.801046,-17.932592,Fair,E
-36.63455,32.58505,Premium,H
27.966032,19.98864,Ideal,G
-13.225184,-18.843107,Very Good,H
-8.734529,58.332,Ideal,F
36.410133,19.726564,Very Good,G
-8.215546,13.020804,Very Good,F
-3.954089,-60.968697,Ideal,F
31.4564,-41.94341,Premium,E
-5.6429973,6.7467365,Premium,D
34.08576,26.370363,Very Good,I
-11.502646,59.157,Premium,H
21.15447,-45.71536,Ideal,E
-32.833763,-28.692242,Ideal,G
-29.628473,2.3951,Premium,I
-10.711501,-10.693258,Ideal,D
30.18043,-47.407978,Ideal,G
14.350481,2.5321574,Ideal,E
-2.8924577,60.85367,Very Good,F
-6.8186135,-39.11995,Very Good,I
17.088957,10.073019,Ideal,G
8.08023,-4.153743,Ideal,E
32.896362,6.9608173,Ideal,H
41.76116,-9.917502,Premium,F
-37.02026,35.45336,Premium,I
-31.322786,-21.745502,Very Good,D
34.967556,5.333585,Premium,G
25.698908,-51.670025,Premium,H
-8.834768,-63.644424,Premium,I
3.8474126,4.8648014,Ideal,F
5.083077,-5.033587,Very Good,F
5.217149,-7.037383,Very Good,F
-3.6249957,-65.7249,Premium,H
10.725649,13.174964,Ideal,G
26.39423,-42.41406,Very Good,H
9.011241,-12.780263,Good,F
40.103508,3.155125,Ideal,D
-8.19594,59.79685,Ideal,I
43.369915,-20.21653,Premium,G
-33.106762,-36.64716,Ideal,F
-36.31111,33.10689,Premium,E
31.381779,-42.898914,Premium,E
34.239063,24.502851,Premium,J
-7.864537,-38.89313,Premium,I
-9.214328,45.36383,Good,H
-25.173523,-39.734745,Very Good,G
9.728871,-9.748715,Premium,G
-3.2568624,7.9484215,Very Good,F
26.4929,-42.53857,Very Good,H
36.184277,3.0563707,Very Good,G
-25.616482,54.918888,Premium,H
24.505644,-11.407353,Premium,F
-18.249796,50.413486,Ideal,E
-8.84581,54.10924,Very Good,G
31.619436,-50.80021,Very Good,D
-34.80901,-30.655964,Fair,D
-1.6628604,60.750877,Very Good,E
27.514051,-10.217331,Premium,I
-14.632448,59.911503,Premium,E
-5.149189,-58.986584,Ideal,F
-4.182001,-56.906002,Ideal,E
-33.526146,36.66456,Premium,F
-37.016754,2.1752498,Ideal,J
3.8980622,14.370719,Ideal,I
-15.002768,0.05026396,Premium,F
-18.640135,-14.794112,Good,F
21.932146,18.002182,Premium,F
-4.7567964,-56.521904,Ideal,E
-7.1774178,64.75899,Premium,D
-25.813725,-23.525343,Premium,D
5.373785,-15.270598,Premium,H
-27.383396,-27.840725,Ideal,H
-34.386444,4.5227156,Very Good,H
-4.7616014,20.294807,Fair,J
46.11214,9.31889,Ideal,D
-19.495855,12.548234,Fair,F
-20.180172,55.58505,Very Good,D
14.777888,17.469524,Very Good,G
-39.20907,29.059452,Very Good,H
5.962379,-58.27492,Ideal,H
-5.2429876,-14.491583,Premium,D
27.524824,-51.995453,Ideal,H
-17.679665,42.48243,Ideal,J
10.135911,-66.893166,Premium,G
0.2871121,14.106476,Very Good,I
4.9721313,2.2879817,Ideal,F
11.917354,27.751398,Very Good,E
27.182604,27.887617,Ideal,J
-16.658173,52.85411,Premium,F
11.790719,-66.58976,Very Good,G
24.913015,-49.62062,Premium,G
-18.720089,48.444447,Ideal,F
29.27915,12.679433,Ideal,G
30.601156,21.056404,Ideal,H
-3.7239058,-56.87696,Ideal,E
-27.144981,45.10939,Very Good,I
-20.605566,-23.194677,Very Good,E
-27.139784,-40.9617,Premium,G
42.969566,-19.67634,Fair,E
-22.60358,-28.191858,Ideal,D
-28.203615,46.055576,Good,I
-12.330277,45.755074,Good,F
-25.583046,-29.166615,Ideal,G
-36.550804,-17.452394,Very Good,F
17.722672,8.293697,Ideal,F
6.982873,-17.66622,Good,G
-4.802304,-63.320892,Ideal,F
8.032359,6.4231544,Ideal,F
18.980656,4.7857075,Ideal,E
-32.094067,-3.5047195,Premium,I
29.421913,0.6832516,Premium,G
-31.787807,37.144398,Very Good,E
-19.047556,-15.175487,Good,F
18.166563,30.201632,Good,J
-1.3331842,2.8471818,Ideal,E
13.820989,-66.60239,Ideal,I
14.281974,0.1373288,Very Good,E
2.0712118,9.5303755,Ideal,G
11.61497,11.56666,Premium,E
29.583088,6.3314414,Ideal,H
12.428532,-0.6518998,Ideal,E
20.240116,10.803671,Premium,E
42.00159,-16.926544,Ideal,F
7.5862784,-58.878025,Ideal,G
-29.576284,46.770466,Good,I
-33.609886,-10.872989,Very Good,H
37.511425,-1.5914388,Ideal,D
19.97382,-47.23366,Ideal,G
29.847916,-45.75253,Ideal,E
-21.197561,46.59431,Ideal,H
28.004612,-46.640827,Ideal,D
-10.240901,-20.868921,Ideal,G
-5.7081437,-57.253704,Ideal,F
-11.468646,-58.090057,Very Good,H
31.628542,-49.403786,Premium,H
20.309765,-46.21629,Ideal,G
-39.55182,-7.641245,Fair,H
11.495458,19.803253,Good,E
36.72611,-18.9095,Good,F
31.866245,25.318903,Ideal,I
20.884993,12.16403,Premium,E
12.633491,-2.0637345,Premium,D
20.628838,-41.547817,Premium,F
-7.4044533,15.836824,Very Good,H
-5.1726823,21.843414,Good,J
-8.821329,-53.3003,Ideal,G
-26.613283,8.771853,Fair,J
-29.479723,-13.875282,Premium,H
-7.826778,-54.08295,Ideal,H
-3.3510666,-5.3836946,Ideal,E
-3.75881,-14.247379,Premium,E
-22.625551,44.744007,Premium,H
-32.8575,-19.985117,Fair,D
-0.29551077,-15.282905,Premium,H
-13.7974825,63.650093,Ideal,D
-6.365692,-11.579148,Ideal,E
34.009792,-0.3100866,Very Good,F
-21.08306,3.808366,Very Good,H
-33.42745,-38.2423,Ideal,F
-20.155012,-3.4580894,Ideal,G
-30.01722,49.95467,Good,I
-14.017604,-10.363278,Premium,D
13.967473,-61.41544,Ideal,H
-11.14559,47.188442,Good,F
17.831766,-48.18398,Ideal,F
-5.2708964,11.604292,Very Good,E
-32.269627,-0.7954148,Very Good,I
26.410618,-51.512104,Ideal,H
-23.21827,57.669178,Premium,E
-26.573706,44.821415,Premium,H
25.369825,21.383562,Premium,I
-23.517735,-25.079317,Ideal,E
-6.2699537,-39.233627,Very Good,J
31.994843,23.235935,Ideal,I
-14.823424,51.412987,Very Good,E
-19.72872,-5.326616,Ideal,H
-8.799192,-61.796078,Ideal,H
-22.270126,55.287178,Premium,D
27.826298,-41.074524,Very Good,F
11.490968,5.582676,Ideal,D
27.852983,26.901087,Ideal,I
39.65551,12.222448,Ideal,E
1.8882389,9.949624,Ideal,H
9.789312,4.2272267,Ideal,D
28.334192,-3.4669216,Premium,G
-18.706963,3.831464,Good,G
44.174583,6.047088,Ideal,E
28.395432,27.05199,Ideal,I
-7.6819534,0.3501955,Ideal,E
27.420965,-52.83212,Ideal,I
-5.209572,21.925955,Good,J
3.993694,-58.493176,Ideal,H
25.77581,-46.799656,Very Good,E
-13.727579,-16.625301,Premium,G
-21.216309,41.74525,Premium,H
35.75563,-15.257617,Premium,E
-7.2049804,3.50457,Premium,D
34.530922,15.873439,Ideal,G
-11.265581,65.80383,Premium,H
-14.876933,10.163311,Very Good,F
-13.32873,60.755104,Ideal,H
-33.435448,-2.6038785,Premium,I
26.193785,-49.57176,Ideal,F
40.03112,10.517034,Very Good,E
-14.833163,-16.311548,Very Good,G
-26.559053,41.151787,Premium,G
-3.4384978,-65.867584,Very Good,G
-33.85315,-40.183247,Ideal,F
-25.204361,59.506645,Fair,D
40.633152,11.065021,Ideal,E
-5.6606436,55.011753,Ideal,D
24.754105,9.877823,Premium,D
35.892685,15.115625,Ideal,F
-6.872591,46.92772,Fair,E
-18.463947,6.1032524,Very Good,H
23.28029,-51.34249,Ideal,G
-37.600742,-6.1474338,Ideal,I
-37.574482,-13.633642,Good,H
-25.324663,-12.575723,Ideal,H
-32.985554,-37.164013,Ideal,D
-25.561779,56.649696,Good,G
22.634432,-2.719502,Premium,F
31.453083,-47.086525,Premium,F
34.92722,18.06213,Ideal,G
-34.953644,36.20013,Very Good,H
-3.1167347,-15.257807,Premium,D
-10.753535,-20.123106,Premium,G
-8.920864,-63.905952,Premium,I
-31.796806,-21.375978,Good,E
36.36304,-16.519272,Fair,G
-13.804001,-22.537756,Very Good,D
-8.048415,-9.557708,Very Good,D
11.893155,4.032296,Ideal,E
-2.8760934,-60.63205,Ideal,E
-8.7053385,-2.5320938,Premium,E
-11.594341,48.957214,Good,D
34.98022,17.484877,Ideal,G
-6.7897005,46.798275,Fair,D
-28.163212,-25.186253,Premium,G
11.053892,14.535057,Premium,G
-22.225985,-26.350718,Ideal,F
12.841695,26.472149,Good,E
10.106714,9.568958,Ideal,G
-28.815613,-25.118244,Ideal,F
30.790392,22.83986,Ideal,I
16.152191,3.9560864,Premium,D
19.902529,-13.428159,Good,E
0.80082804,0.5971195,Ideal,G
-30.948528,39.07076,Good,E
13.450191,13.082705,Very Good,E
16.676317,11.899906,Very Good,H
29.75999,-47.91181,Ideal,G
-17.50502,46.283436,Ideal,G
-21.116577,-19.08473,Good,G
-32.506046,40.202545,Ideal,E
-27.581318,-38.778004,Ideal,G
20.462952,-0.88739234,Premium,E
-4.929984,8.650544,Premium,F
-31.493097,-20.483364,Good,G
24.773718,19.523853,Premium,G
22.513119,-13.00042,Premium,E
27.184565,-38.730198,Very Good,E
-2.8514953,10.646916,Premium,E
20.934174,-44.42397,Very Good,D
-33.69071,-32.11793,Ideal,F
45.99606,-21.29687,Good,F
-14.79654,45.80841,Very Good,E
-12.397719,-11.541247,Ideal,E
43.275784,-20.182144,Premium,H
-13.444967,-1.7055318,Ideal,G
-16.862705,0.88476074,Premium,G
31.575167,-1.641147,Premium,G
26.142996,-37.75342,Good,E
3.2335348,15.735965,Ideal,J
-4.658894,19.27071,Good,I
19.966608,27.558064,Good,H
20.375412,7.8964295,Ideal,E
27.757414,24.537218,Ideal,H
25.459349,-7.396394,Very Good,D
-17.342081,-19.279713,Ideal,G
-18.145388,53.396957,Premium,D
17.140654,-5.530772,Ideal,H
13.007249,-0.9208047,Premium,E
-24.91886,53.64874,Premium,I
33.507824,10.788794,Premium,E
-14.698844,9.093655,Very Good,E
0.07454067,-0.15265827,Ideal,F
11.060401,28.957645,Very Good,D
32.427307,0.24541792,Premium,G
27.426777,13.872306,Premium,H
-21.609562,56.82145,Very Good,F
9.859346,9.795182,Ideal,G
20.42242,24.268793,Very Good,H
-1.6573871,9.249669,Very Good,F
23.55873,-9.26685,Very Good,D
-16.38187,-11.265064,Very Good,G
19.04637,30.478077,Good,J
-21.204666,4.111948,Premium,H
-31.536541,-26.477875,Ideal,G
-17.924767,-20.343748,Premium,F
9.98116,-15.657795,Good,E
-27.671244,-37.32281,Ideal,H
-11.316352,59.259274,Premium,H
43.810345,9.367545,Ideal,E
12.834942,22.865793,Very Good,F
27.539722,-9.28603,Premium,H
13.041281,5.425062,Ideal,D
-9.290936,-59.436234,Ideal,G
-36.98303,-15.550666,Very Good,I
41.817772,1.4885103,Premium,D
41.27116,-15.190034,Ideal,J
-13.172051,13.260005,Good,E
-26.750792,9.661281,Fair,H
41.646275,-15.078621,Ideal,H
0.0019954385,-7.1410866,Ideal,H
-32.527733,-28.110462,Ideal,H
39.310303,-14.408742,Ideal,G
30.380337,-41.79016,Very Good,E
18.83975,-45.9885,Ideal,F
-15.745369,50.205498,Premium,D
-21.142757,5.859733,Ideal,I
-8.788163,-58.868126,Ideal,G
40.32334,16.03356,Ideal,D
-7.8197985,7.4887905,Very Good,D
-7.0923004,-57.203075,Premium,F
21.61125,18.347504,Premium,F
-3.0221958,7.7194257,Premium,G
0.43178558,-11.209107,Ideal,G
-26.968212,-37.30458,Ideal,H
-16.591122,8.016056,Good,D
-28.187849,1.7283247,Ideal,J
-32.037178,36.81298,Ideal,H
19.737738,23.65443,Very Good,F
15.667622,-67.46319,Ideal,J
27.807604,4.4935193,Ideal,I
37.61139,4.977672,Ideal,F
7.735943,-6.968256,Premium,E
16.859432,19.097597,Premium,H
41.313316,6.1574683,Ideal,E
-18.372597,-21.12925,Premium,E
20.717459,26.452003,Very Good,I
30.090086,16.120806,Ideal,F
-31.659597,35.633373,Ideal,F
6.22501,3.216832,Ideal,E
-33.41789,-40.55582,Good,E
-37.16126,35.23371,Very Good,I
-23.076231,-28.362444,Ideal,E
-6.390902,-60.549194,Ideal,F
2.5382175,27.113214,Fair,I
-9.452813,45.98796,Very Good,G
-4.463991,61.278343,Very Good,E
-23.63531,-9.023882,Very Good,F
45.701794,-21.21366,Premium,H
-16.329319,-10.970745,Very Good,F
20.06778,-16.439259,Fair,F
-23.468018,58.49134,Very Good,E
14.50019,-69.06792,Very Good,J
41.820393,13.260689,Ideal,E
-15.742301,-13.757115,Very Good,F
-12.388728,55.333153,Very Good,E
-15.845589,57.098145,Ideal,E
-4.8080134,-52.7146,Ideal,D
-16.180515,5.5469546,Very Good,H
37.552433,5.1228023,Ideal,F
-23.950521,58.643738,Good,E
37.89565,9.358459,Ideal,E
0.7700163,-3.4263558,Premium,E
-3.2667186,-55.9747,Ideal,D
7.399644,24.910671,Good,D
-27.647318,50.939053,Premium,F
-32.796757,-7.1168604,Premium,E
-16.215551,-0.43324143,Very Good,H
-11.651051,-22.721624,Ideal,D
-8.737354,-60.252453,Ideal,G
-19.208513,50.197853,Ideal,E
-30.959103,3.5350206,Premium,H
28.764023,24.628386,Ideal,H
-31.988691,-26.878468,Ideal,G
0.26091555,3.8425915,Ideal,F
7.47486,26.24443,Good,D
5.6507316,1.8330843,Ideal,D
-38.246708,30.648157,Ideal,I
32.940323,-49.42632,Good,G
18.639118,26.62721,Very Good,H
-11.512867,-12.103911,Ideal,E
8.059947,8.655308,Ideal,G
40.269928,-21.77385,Fair,H
-7.2899017,-18.072454,Premium,G
35.801426,12.9721365,Ideal,F
-36.158596,-13.566682,Premium,I
-29.335728,-10.920595,Premium,I
-32.099,-6.338368,Premium,H
29.691837,27.080769,Ideal,J
3.9443395,-16.73634,Premium,E
-2.979273,-56.940907,Premium,E
-26.189735,-25.702654,Ideal,G
12.843609,-67.01068,Ideal,G
-14.6560135,47.324516,Premium,F
-0.96173453,12.125091,Ideal,H
-23.803867,7.563986,Ideal,G
-9.574853,-51.060722,Very Good,H
-21.095274,-25.026999,Ideal,G
26.522655,26.153688,Ideal,H
-23.908312,45.2539,Ideal,J
-31.356062,41.051422,Very Good,D
38.740704,7.0227146,Ideal,E
32.9784,1.7297388,Ideal,G
19.053745,2.3232846,Premium,D
8.460262,-5.9786844,Very Good,E
1.643563,1.8968419,Ideal,H
-14.693617,56.87472,Ideal,D
-7.563336,-63.631325,Premium,G
14.862583,23.262426,Premium,H
27.779478,-44.880344,Ideal,F
29.712435,-42.332394,Very Good,E
31.967783,-41.69599,Premium,D
-33.91631,-2.0238113,Ideal,J
-10.694422,-10.257384,Ideal,E
16.108328,-65.52015,Ideal,I
16.892157,-41.96288,Very Good,H
14.029131,8.962512,Ideal,E
-6.2327676,10.914625,Very Good,E
-26.329987,-37.382977,Premium,H
-9.780863,51.632828,Very Good,H
-5.779604,65.09358,Premium,D
22.391726,12.580006,Premium,D
-2.9183192,10.530422,Premium,E
24.002695,-13.157183,Ideal,E
36.794018,11.844866,Ideal,E
38.989796,-15.078491,Ideal,I
14.293319,8.187345,Ideal,E
29.478867,-6.8887496,Very Good,D
-17.495384,6.462426,Good,H
-7.029403,51.315582,Good,D
25.481148,0.25536922,Very Good,E
-6.472821,62.688267,Premium,D
14.333492,-67.17545,Ideal,I
-14.683316,58.115005,Ideal,D
26.744139,-9.243543,Premium,H
28.788614,-45.638557,Ideal,E
-35.140812,-11.216395,Very Good,I
-13.072994,13.125805,Good,E
-2.6234894,8.973877,Premium,F
-12.636781,-15.382211,Premium,G
17.40249,26.455404,Good,G
-28.396566,-11.503862,Ideal,I
-22.653004,-27.779137,Ideal,F
-21.64444,44.41574,Premium,H
-27.766558,-10.365787,Premium,I
9.409537,-64.24345,Very Good,H
45.544754,6.43433,Ideal,D
-13.440407,44.19343,Good,F
21.500793,-39.675766,Premium,I
-23.569012,43.321163,Ideal,I
-22.32959,48.216183,Ideal,H
0.55074614,-14.041259,Very Good,H
-35.88833,-14.683288,Ideal,H
-3.974207,5.978124,Very Good,F
12.75357,21.452375,Very Good,F
-31.075539,-12.69545,Very Good,I
21.836613,12.672985,Premium,E
33.659374,2.8948798,Ideal,F
26.401743,11.6350355,Premium,F
13.194888,8.097465,Ideal,F
-3.9934366,64.70522,Ideal,D
28.341635,17.541111,Ideal,F
19.30306,29.627531,Very Good,J
0.19867809,-7.075277,Ideal,H
10.088392,23.31417,Very Good,E
-25.604002,55.332855,Premium,H
-2.4329708,-4.4067297,Ideal,F
-14.841859,-14.768396,Good,G
9.955424,25.95099,Very Good,D
-15.356809,-18.991573,Ideal,G
19.352121,29.50263,Very Good,J
17.606602,-3.9990675,Very Good,G
-13.223396,49.07429,Premium,G
-30.093916,49.3684,Good,G
-1.3811258,6.5849366,Premium,G
-6.289891,-39.202347,Premium,J
-38.795933,29.885698,Premium,H
8.77465,23.952024,Very Good,E
41.43607,-18.301905,Premium,F
-0.87890756,6.0909758,Premium,G
36.686302,3.4511428,Premium,F
-11.441329,0.38848543,Premium,D
-25.81213,44.258602,Premium,I
15.190476,25.613836,Very Good,H
-15.584663,-13.386316,Very Good,G
-21.892155,5.50738,Very Good,I
-22.676731,44.183456,Ideal,F
24.802643,20.362062,Premium,H
-17.637682,12.186373,Fair,D
-29.558098,52.549713,Premium,E
-31.59543,6.885704,Premium,G
-21.638752,41.3748,Premium,H
-13.493651,-1.3951787,Premium,F
14.142087,-16.652737,Premium,D
-37.04842,-13.623254,Premium,G
12.0231695,21.404387,Very Good,F
-15.576768,51.151386,Ideal,E
26.745634,6.489812,Ideal,J
-9.077628,-11.453814,Premium,D
-6.6316824,-58.33026,Ideal,G
34.97928,22.6755,Ideal,J
